login,id,node_id,avatar_url,gravatar_id,url,html_url,followers_url,following_url,gists_url,starred_url,subscriptions_url,organizations_url,repos_url,events_url,received_events_url,type,site_admin,score
mosh-hamedani,5441280,MDQ6VXNlcjU0NDEyODA=,https://avatars.githubusercontent.com/u/5441280?v=4,,https://api.github.com/users/mosh-hamedani,https://github.com/mosh-hamedani,https://api.github.com/users/mosh-hamedani/followers,https://api.github.com/users/mosh-hamedani/following{/other_user},https://api.github.com/users/mosh-hamedani/gists{/gist_id},https://api.github.com/users/mosh-hamedani/starred{/owner}{/repo},https://api.github.com/users/mosh-hamedani/subscriptions,https://api.github.com/users/mosh-hamedani/orgs,https://api.github.com/users/mosh-hamedani/repos,https://api.github.com/users/mosh-hamedani/events{/privacy},https://api.github.com/users/mosh-hamedani/received_events,User,false,1.0
TheCherno,1475290,MDQ6VXNlcjE0NzUyOTA=,https://avatars.githubusercontent.com/u/1475290?v=4,,https://api.github.com/users/TheCherno,https://github.com/TheCherno,https://api.github.com/users/TheCherno/followers,https://api.github.com/users/TheCherno/following{/other_user},https://api.github.com/users/TheCherno/gists{/gist_id},https://api.github.com/users/TheCherno/starred{/owner}{/repo},https://api.github.com/users/TheCherno/subscriptions,https://api.github.com/users/TheCherno/orgs,https://api.github.com/users/TheCherno/repos,https://api.github.com/users/TheCherno/events{/privacy},https://api.github.com/users/TheCherno/received_events,User,false,1.0
haileys,179065,MDQ6VXNlcjE3OTA2NQ==,https://avatars.githubusercontent.com/u/179065?v=4,,https://api.github.com/users/haileys,https://github.com/haileys,https://api.github.com/users/haileys/followers,https://api.github.com/users/haileys/following{/other_user},https://api.github.com/users/haileys/gists{/gist_id},https://api.github.com/users/haileys/starred{/owner}{/repo},https://api.github.com/users/haileys/subscriptions,https://api.github.com/users/haileys/orgs,https://api.github.com/users/haileys/repos,https://api.github.com/users/haileys/events{/privacy},https://api.github.com/users/haileys/received_events,User,false,1.0
rstacruz,74385,MDQ6VXNlcjc0Mzg1,https://avatars.githubusercontent.com/u/74385?v=4,,https://api.github.com/users/rstacruz,https://github.com/rstacruz,https://api.github.com/users/rstacruz/followers,https://api.github.com/users/rstacruz/following{/other_user},https://api.github.com/users/rstacruz/gists{/gist_id},https://api.github.com/users/rstacruz/starred{/owner}{/repo},https://api.github.com/users/rstacruz/subscriptions,https://api.github.com/users/rstacruz/orgs,https://api.github.com/users/rstacruz/repos,https://api.github.com/users/rstacruz/events{/privacy},https://api.github.com/users/rstacruz/received_events,User,false,1.0
jesseduffield,8456633,MDQ6VXNlcjg0NTY2MzM=,https://avatars.githubusercontent.com/u/8456633?v=4,,https://api.github.com/users/jesseduffield,https://github.com/jesseduffield,https://api.github.com/users/jesseduffield/followers,https://api.github.com/users/jesseduffield/following{/other_user},https://api.github.com/users/jesseduffield/gists{/gist_id},https://api.github.com/users/jesseduffield/starred{/owner}{/repo},https://api.github.com/users/jesseduffield/subscriptions,https://api.github.com/users/jesseduffield/orgs,https://api.github.com/users/jesseduffield/repos,https://api.github.com/users/jesseduffield/events{/privacy},https://api.github.com/users/jesseduffield/received_events,User,false,1.0
basarat,874898,MDQ6VXNlcjg3NDg5OA==,https://avatars.githubusercontent.com/u/874898?v=4,,https://api.github.com/users/basarat,https://github.com/basarat,https://api.github.com/users/basarat/followers,https://api.github.com/users/basarat/following{/other_user},https://api.github.com/users/basarat/gists{/gist_id},https://api.github.com/users/basarat/starred{/owner}{/repo},https://api.github.com/users/basarat/subscriptions,https://api.github.com/users/basarat/orgs,https://api.github.com/users/basarat/repos,https://api.github.com/users/basarat/events{/privacy},https://api.github.com/users/basarat/received_events,User,false,1.0
markdalgleish,696693,MDQ6VXNlcjY5NjY5Mw==,https://avatars.githubusercontent.com/u/696693?v=4,,https://api.github.com/users/markdalgleish,https://github.com/markdalgleish,https://api.github.com/users/markdalgleish/followers,https://api.github.com/users/markdalgleish/following{/other_user},https://api.github.com/users/markdalgleish/gists{/gist_id},https://api.github.com/users/markdalgleish/starred{/owner}{/repo},https://api.github.com/users/markdalgleish/subscriptions,https://api.github.com/users/markdalgleish/orgs,https://api.github.com/users/markdalgleish/repos,https://api.github.com/users/markdalgleish/events{/privacy},https://api.github.com/users/markdalgleish/received_events,User,false,1.0
JakeLin,573856,MDQ6VXNlcjU3Mzg1Ng==,https://avatars.githubusercontent.com/u/573856?v=4,,https://api.github.com/users/JakeLin,https://github.com/JakeLin,https://api.github.com/users/JakeLin/followers,https://api.github.com/users/JakeLin/following{/other_user},https://api.github.com/users/JakeLin/gists{/gist_id},https://api.github.com/users/JakeLin/starred{/owner}{/repo},https://api.github.com/users/JakeLin/subscriptions,https://api.github.com/users/JakeLin/orgs,https://api.github.com/users/JakeLin/repos,https://api.github.com/users/JakeLin/events{/privacy},https://api.github.com/users/JakeLin/received_events,User,false,1.0
binarythistle,815719,MDQ6VXNlcjgxNTcxOQ==,https://avatars.githubusercontent.com/u/815719?v=4,,https://api.github.com/users/binarythistle,https://github.com/binarythistle,https://api.github.com/users/binarythistle/followers,https://api.github.com/users/binarythistle/following{/other_user},https://api.github.com/users/binarythistle/gists{/gist_id},https://api.github.com/users/binarythistle/starred{/owner}{/repo},https://api.github.com/users/binarythistle/subscriptions,https://api.github.com/users/binarythistle/orgs,https://api.github.com/users/binarythistle/repos,https://api.github.com/users/binarythistle/events{/privacy},https://api.github.com/users/binarythistle/received_events,User,false,1.0
radar,2687,MDQ6VXNlcjI2ODc=,https://avatars.githubusercontent.com/u/2687?v=4,,https://api.github.com/users/radar,https://github.com/radar,https://api.github.com/users/radar/followers,https://api.github.com/users/radar/following{/other_user},https://api.github.com/users/radar/gists{/gist_id},https://api.github.com/users/radar/starred{/owner}{/repo},https://api.github.com/users/radar/subscriptions,https://api.github.com/users/radar/orgs,https://api.github.com/users/radar/repos,https://api.github.com/users/radar/events{/privacy},https://api.github.com/users/radar/received_events,User,false,1.0
mishmanners,36594527,MDQ6VXNlcjM2NTk0NTI3,https://avatars.githubusercontent.com/u/36594527?v=4,,https://api.github.com/users/mishmanners,https://github.com/mishmanners,https://api.github.com/users/mishmanners/followers,https://api.github.com/users/mishmanners/following{/other_user},https://api.github.com/users/mishmanners/gists{/gist_id},https://api.github.com/users/mishmanners/starred{/owner}{/repo},https://api.github.com/users/mishmanners/subscriptions,https://api.github.com/users/mishmanners/orgs,https://api.github.com/users/mishmanners/repos,https://api.github.com/users/mishmanners/events{/privacy},https://api.github.com/users/mishmanners/received_events,User,true,1.0
timacdonald,24803032,MDQ6VXNlcjI0ODAzMDMy,https://avatars.githubusercontent.com/u/24803032?v=4,,https://api.github.com/users/timacdonald,https://github.com/timacdonald,https://api.github.com/users/timacdonald/followers,https://api.github.com/users/timacdonald/following{/other_user},https://api.github.com/users/timacdonald/gists{/gist_id},https://api.github.com/users/timacdonald/starred{/owner}{/repo},https://api.github.com/users/timacdonald/subscriptions,https://api.github.com/users/timacdonald/orgs,https://api.github.com/users/timacdonald/repos,https://api.github.com/users/timacdonald/events{/privacy},https://api.github.com/users/timacdonald/received_events,User,false,1.0
TuPayChain,49770741,MDQ6VXNlcjQ5NzcwNzQx,https://avatars.githubusercontent.com/u/49770741?v=4,,https://api.github.com/users/TuPayChain,https://github.com/TuPayChain,https://api.github.com/users/TuPayChain/followers,https://api.github.com/users/TuPayChain/following{/other_user},https://api.github.com/users/TuPayChain/gists{/gist_id},https://api.github.com/users/TuPayChain/starred{/owner}{/repo},https://api.github.com/users/TuPayChain/subscriptions,https://api.github.com/users/TuPayChain/orgs,https://api.github.com/users/TuPayChain/repos,https://api.github.com/users/TuPayChain/events{/privacy},https://api.github.com/users/TuPayChain/received_events,User,false,1.0
md-5,1007849,MDQ6VXNlcjEwMDc4NDk=,https://avatars.githubusercontent.com/u/1007849?v=4,,https://api.github.com/users/md-5,https://github.com/md-5,https://api.github.com/users/md-5/followers,https://api.github.com/users/md-5/following{/other_user},https://api.github.com/users/md-5/gists{/gist_id},https://api.github.com/users/md-5/starred{/owner}{/repo},https://api.github.com/users/md-5/subscriptions,https://api.github.com/users/md-5/orgs,https://api.github.com/users/md-5/repos,https://api.github.com/users/md-5/events{/privacy},https://api.github.com/users/md-5/received_events,User,false,1.0
thomasdavis,416209,MDQ6VXNlcjQxNjIwOQ==,https://avatars.githubusercontent.com/u/416209?v=4,,https://api.github.com/users/thomasdavis,https://github.com/thomasdavis,https://api.github.com/users/thomasdavis/followers,https://api.github.com/users/thomasdavis/following{/other_user},https://api.github.com/users/thomasdavis/gists{/gist_id},https://api.github.com/users/thomasdavis/starred{/owner}{/repo},https://api.github.com/users/thomasdavis/subscriptions,https://api.github.com/users/thomasdavis/orgs,https://api.github.com/users/thomasdavis/repos,https://api.github.com/users/thomasdavis/events{/privacy},https://api.github.com/users/thomasdavis/received_events,User,false,1.0
geelen,23264,MDQ6VXNlcjIzMjY0,https://avatars.githubusercontent.com/u/23264?v=4,,https://api.github.com/users/geelen,https://github.com/geelen,https://api.github.com/users/geelen/followers,https://api.github.com/users/geelen/following{/other_user},https://api.github.com/users/geelen/gists{/gist_id},https://api.github.com/users/geelen/starred{/owner}{/repo},https://api.github.com/users/geelen/subscriptions,https://api.github.com/users/geelen/orgs,https://api.github.com/users/geelen/repos,https://api.github.com/users/geelen/events{/privacy},https://api.github.com/users/geelen/received_events,User,false,1.0
MugunthKumar,129776,MDQ6VXNlcjEyOTc3Ng==,https://avatars.githubusercontent.com/u/129776?v=4,,https://api.github.com/users/MugunthKumar,https://github.com/MugunthKumar,https://api.github.com/users/MugunthKumar/followers,https://api.github.com/users/MugunthKumar/following{/other_user},https://api.github.com/users/MugunthKumar/gists{/gist_id},https://api.github.com/users/MugunthKumar/starred{/owner}{/repo},https://api.github.com/users/MugunthKumar/subscriptions,https://api.github.com/users/MugunthKumar/orgs,https://api.github.com/users/MugunthKumar/repos,https://api.github.com/users/MugunthKumar/events{/privacy},https://api.github.com/users/MugunthKumar/received_events,User,false,1.0
tseemann,453972,MDQ6VXNlcjQ1Mzk3Mg==,https://avatars.githubusercontent.com/u/453972?v=4,,https://api.github.com/users/tseemann,https://github.com/tseemann,https://api.github.com/users/tseemann/followers,https://api.github.com/users/tseemann/following{/other_user},https://api.github.com/users/tseemann/gists{/gist_id},https://api.github.com/users/tseemann/starred{/owner}{/repo},https://api.github.com/users/tseemann/subscriptions,https://api.github.com/users/tseemann/orgs,https://api.github.com/users/tseemann/repos,https://api.github.com/users/tseemann/events{/privacy},https://api.github.com/users/tseemann/received_events,User,false,1.0
loftwah,19922556,MDQ6VXNlcjE5OTIyNTU2,https://avatars.githubusercontent.com/u/19922556?v=4,,https://api.github.com/users/loftwah,https://github.com/loftwah,https://api.github.com/users/loftwah/followers,https://api.github.com/users/loftwah/following{/other_user},https://api.github.com/users/loftwah/gists{/gist_id},https://api.github.com/users/loftwah/starred{/owner}{/repo},https://api.github.com/users/loftwah/subscriptions,https://api.github.com/users/loftwah/orgs,https://api.github.com/users/loftwah/repos,https://api.github.com/users/loftwah/events{/privacy},https://api.github.com/users/loftwah/received_events,User,false,1.0
rogerclarkmelbourne,6146984,MDQ6VXNlcjYxNDY5ODQ=,https://avatars.githubusercontent.com/u/6146984?v=4,,https://api.github.com/users/rogerclarkmelbourne,https://github.com/rogerclarkmelbourne,https://api.github.com/users/rogerclarkmelbourne/followers,https://api.github.com/users/rogerclarkmelbourne/following{/other_user},https://api.github.com/users/rogerclarkmelbourne/gists{/gist_id},https://api.github.com/users/rogerclarkmelbourne/starred{/owner}{/repo},https://api.github.com/users/rogerclarkmelbourne/subscriptions,https://api.github.com/users/rogerclarkmelbourne/orgs,https://api.github.com/users/rogerclarkmelbourne/repos,https://api.github.com/users/rogerclarkmelbourne/events{/privacy},https://api.github.com/users/rogerclarkmelbourne/received_events,User,false,1.0
jxom,7336481,MDQ6VXNlcjczMzY0ODE=,https://avatars.githubusercontent.com/u/7336481?v=4,,https://api.github.com/users/jxom,https://github.com/jxom,https://api.github.com/users/jxom/followers,https://api.github.com/users/jxom/following{/other_user},https://api.github.com/users/jxom/gists{/gist_id},https://api.github.com/users/jxom/starred{/owner}{/repo},https://api.github.com/users/jxom/subscriptions,https://api.github.com/users/jxom/orgs,https://api.github.com/users/jxom/repos,https://api.github.com/users/jxom/events{/privacy},https://api.github.com/users/jxom/received_events,User,false,1.0
rrwick,7053555,MDQ6VXNlcjcwNTM1NTU=,https://avatars.githubusercontent.com/u/7053555?v=4,,https://api.github.com/users/rrwick,https://github.com/rrwick,https://api.github.com/users/rrwick/followers,https://api.github.com/users/rrwick/following{/other_user},https://api.github.com/users/rrwick/gists{/gist_id},https://api.github.com/users/rrwick/starred{/owner}{/repo},https://api.github.com/users/rrwick/subscriptions,https://api.github.com/users/rrwick/orgs,https://api.github.com/users/rrwick/repos,https://api.github.com/users/rrwick/events{/privacy},https://api.github.com/users/rrwick/received_events,User,false,1.0
abruzzi,122324,MDQ6VXNlcjEyMjMyNA==,https://avatars.githubusercontent.com/u/122324?v=4,,https://api.github.com/users/abruzzi,https://github.com/abruzzi,https://api.github.com/users/abruzzi/followers,https://api.github.com/users/abruzzi/following{/other_user},https://api.github.com/users/abruzzi/gists{/gist_id},https://api.github.com/users/abruzzi/starred{/owner}{/repo},https://api.github.com/users/abruzzi/subscriptions,https://api.github.com/users/abruzzi/orgs,https://api.github.com/users/abruzzi/repos,https://api.github.com/users/abruzzi/events{/privacy},https://api.github.com/users/abruzzi/received_events,User,false,1.0
kitsonk,1282577,MDQ6VXNlcjEyODI1Nzc=,https://avatars.githubusercontent.com/u/1282577?v=4,,https://api.github.com/users/kitsonk,https://github.com/kitsonk,https://api.github.com/users/kitsonk/followers,https://api.github.com/users/kitsonk/following{/other_user},https://api.github.com/users/kitsonk/gists{/gist_id},https://api.github.com/users/kitsonk/starred{/owner}{/repo},https://api.github.com/users/kitsonk/subscriptions,https://api.github.com/users/kitsonk/orgs,https://api.github.com/users/kitsonk/repos,https://api.github.com/users/kitsonk/events{/privacy},https://api.github.com/users/kitsonk/received_events,User,false,1.0
mattgallagher,28080,MDQ6VXNlcjI4MDgw,https://avatars.githubusercontent.com/u/28080?v=4,,https://api.github.com/users/mattgallagher,https://github.com/mattgallagher,https://api.github.com/users/mattgallagher/followers,https://api.github.com/users/mattgallagher/following{/other_user},https://api.github.com/users/mattgallagher/gists{/gist_id},https://api.github.com/users/mattgallagher/starred{/owner}{/repo},https://api.github.com/users/mattgallagher/subscriptions,https://api.github.com/users/mattgallagher/orgs,https://api.github.com/users/mattgallagher/repos,https://api.github.com/users/mattgallagher/events{/privacy},https://api.github.com/users/mattgallagher/received_events,User,false,1.0
sidorares,173025,MDQ6VXNlcjE3MzAyNQ==,https://avatars.githubusercontent.com/u/173025?v=4,,https://api.github.com/users/sidorares,https://github.com/sidorares,https://api.github.com/users/sidorares/followers,https://api.github.com/users/sidorares/following{/other_user},https://api.github.com/users/sidorares/gists{/gist_id},https://api.github.com/users/sidorares/starred{/owner}{/repo},https://api.github.com/users/sidorares/subscriptions,https://api.github.com/users/sidorares/orgs,https://api.github.com/users/sidorares/repos,https://api.github.com/users/sidorares/events{/privacy},https://api.github.com/users/sidorares/received_events,User,false,1.0
benschwarz,924,MDQ6VXNlcjkyNA==,https://avatars.githubusercontent.com/u/924?v=4,,https://api.github.com/users/benschwarz,https://github.com/benschwarz,https://api.github.com/users/benschwarz/followers,https://api.github.com/users/benschwarz/following{/other_user},https://api.github.com/users/benschwarz/gists{/gist_id},https://api.github.com/users/benschwarz/starred{/owner}{/repo},https://api.github.com/users/benschwarz/subscriptions,https://api.github.com/users/benschwarz/orgs,https://api.github.com/users/benschwarz/repos,https://api.github.com/users/benschwarz/events{/privacy},https://api.github.com/users/benschwarz/received_events,User,false,1.0
philnash,31462,MDQ6VXNlcjMxNDYy,https://avatars.githubusercontent.com/u/31462?v=4,,https://api.github.com/users/philnash,https://github.com/philnash,https://api.github.com/users/philnash/followers,https://api.github.com/users/philnash/following{/other_user},https://api.github.com/users/philnash/gists{/gist_id},https://api.github.com/users/philnash/starred{/owner}{/repo},https://api.github.com/users/philnash/subscriptions,https://api.github.com/users/philnash/orgs,https://api.github.com/users/philnash/repos,https://api.github.com/users/philnash/events{/privacy},https://api.github.com/users/philnash/received_events,User,false,1.0
Viralmaniar,3501170,MDQ6VXNlcjM1MDExNzA=,https://avatars.githubusercontent.com/u/3501170?v=4,,https://api.github.com/users/Viralmaniar,https://github.com/Viralmaniar,https://api.github.com/users/Viralmaniar/followers,https://api.github.com/users/Viralmaniar/following{/other_user},https://api.github.com/users/Viralmaniar/gists{/gist_id},https://api.github.com/users/Viralmaniar/starred{/owner}{/repo},https://api.github.com/users/Viralmaniar/subscriptions,https://api.github.com/users/Viralmaniar/orgs,https://api.github.com/users/Viralmaniar/repos,https://api.github.com/users/Viralmaniar/events{/privacy},https://api.github.com/users/Viralmaniar/received_events,User,false,1.0
iancoleman,1281387,MDQ6VXNlcjEyODEzODc=,https://avatars.githubusercontent.com/u/1281387?v=4,,https://api.github.com/users/iancoleman,https://github.com/iancoleman,https://api.github.com/users/iancoleman/followers,https://api.github.com/users/iancoleman/following{/other_user},https://api.github.com/users/iancoleman/gists{/gist_id},https://api.github.com/users/iancoleman/starred{/owner}{/repo},https://api.github.com/users/iancoleman/subscriptions,https://api.github.com/users/iancoleman/orgs,https://api.github.com/users/iancoleman/repos,https://api.github.com/users/iancoleman/events{/privacy},https://api.github.com/users/iancoleman/received_events,User,false,1.0
brendanzab,695077,MDQ6VXNlcjY5NTA3Nw==,https://avatars.githubusercontent.com/u/695077?v=4,,https://api.github.com/users/brendanzab,https://github.com/brendanzab,https://api.github.com/users/brendanzab/followers,https://api.github.com/users/brendanzab/following{/other_user},https://api.github.com/users/brendanzab/gists{/gist_id},https://api.github.com/users/brendanzab/starred{/owner}{/repo},https://api.github.com/users/brendanzab/subscriptions,https://api.github.com/users/brendanzab/orgs,https://api.github.com/users/brendanzab/repos,https://api.github.com/users/brendanzab/events{/privacy},https://api.github.com/users/brendanzab/received_events,User,false,1.0
dpgeorge,6187689,MDQ6VXNlcjYxODc2ODk=,https://avatars.githubusercontent.com/u/6187689?v=4,,https://api.github.com/users/dpgeorge,https://github.com/dpgeorge,https://api.github.com/users/dpgeorge/followers,https://api.github.com/users/dpgeorge/following{/other_user},https://api.github.com/users/dpgeorge/gists{/gist_id},https://api.github.com/users/dpgeorge/starred{/owner}{/repo},https://api.github.com/users/dpgeorge/subscriptions,https://api.github.com/users/dpgeorge/orgs,https://api.github.com/users/dpgeorge/repos,https://api.github.com/users/dpgeorge/events{/privacy},https://api.github.com/users/dpgeorge/received_events,User,false,1.0
tmeasday,132554,MDQ6VXNlcjEzMjU1NA==,https://avatars.githubusercontent.com/u/132554?v=4,,https://api.github.com/users/tmeasday,https://github.com/tmeasday,https://api.github.com/users/tmeasday/followers,https://api.github.com/users/tmeasday/following{/other_user},https://api.github.com/users/tmeasday/gists{/gist_id},https://api.github.com/users/tmeasday/starred{/owner}{/repo},https://api.github.com/users/tmeasday/subscriptions,https://api.github.com/users/tmeasday/orgs,https://api.github.com/users/tmeasday/repos,https://api.github.com/users/tmeasday/events{/privacy},https://api.github.com/users/tmeasday/received_events,User,false,1.0
Expensify,476779,MDEyOk9yZ2FuaXphdGlvbjQ3Njc3OQ==,https://avatars.githubusercontent.com/u/476779?v=4,,https://api.github.com/users/Expensify,https://github.com/Expensify,https://api.github.com/users/Expensify/followers,https://api.github.com/users/Expensify/following{/other_user},https://api.github.com/users/Expensify/gists{/gist_id},https://api.github.com/users/Expensify/starred{/owner}{/repo},https://api.github.com/users/Expensify/subscriptions,https://api.github.com/users/Expensify/orgs,https://api.github.com/users/Expensify/repos,https://api.github.com/users/Expensify/events{/privacy},https://api.github.com/users/Expensify/received_events,Organization,false,1.0
AliasIO,77259,MDQ6VXNlcjc3MjU5,https://avatars.githubusercontent.com/u/77259?v=4,,https://api.github.com/users/AliasIO,https://github.com/AliasIO,https://api.github.com/users/AliasIO/followers,https://api.github.com/users/AliasIO/following{/other_user},https://api.github.com/users/AliasIO/gists{/gist_id},https://api.github.com/users/AliasIO/starred{/owner}{/repo},https://api.github.com/users/AliasIO/subscriptions,https://api.github.com/users/AliasIO/orgs,https://api.github.com/users/AliasIO/repos,https://api.github.com/users/AliasIO/events{/privacy},https://api.github.com/users/AliasIO/received_events,User,false,1.0
jcouyang,1235045,MDQ6VXNlcjEyMzUwNDU=,https://avatars.githubusercontent.com/u/1235045?v=4,,https://api.github.com/users/jcouyang,https://github.com/jcouyang,https://api.github.com/users/jcouyang/followers,https://api.github.com/users/jcouyang/following{/other_user},https://api.github.com/users/jcouyang/gists{/gist_id},https://api.github.com/users/jcouyang/starred{/owner}{/repo},https://api.github.com/users/jcouyang/subscriptions,https://api.github.com/users/jcouyang/orgs,https://api.github.com/users/jcouyang/repos,https://api.github.com/users/jcouyang/events{/privacy},https://api.github.com/users/jcouyang/received_events,User,false,1.0
kivikakk,1915,MDQ6VXNlcjE5MTU=,https://avatars.githubusercontent.com/u/1915?v=4,,https://api.github.com/users/kivikakk,https://github.com/kivikakk,https://api.github.com/users/kivikakk/followers,https://api.github.com/users/kivikakk/following{/other_user},https://api.github.com/users/kivikakk/gists{/gist_id},https://api.github.com/users/kivikakk/starred{/owner}{/repo},https://api.github.com/users/kivikakk/subscriptions,https://api.github.com/users/kivikakk/orgs,https://api.github.com/users/kivikakk/repos,https://api.github.com/users/kivikakk/events{/privacy},https://api.github.com/users/kivikakk/received_events,User,false,1.0
nnethercote,1940286,MDQ6VXNlcjE5NDAyODY=,https://avatars.githubusercontent.com/u/1940286?v=4,,https://api.github.com/users/nnethercote,https://github.com/nnethercote,https://api.github.com/users/nnethercote/followers,https://api.github.com/users/nnethercote/following{/other_user},https://api.github.com/users/nnethercote/gists{/gist_id},https://api.github.com/users/nnethercote/starred{/owner}{/repo},https://api.github.com/users/nnethercote/subscriptions,https://api.github.com/users/nnethercote/orgs,https://api.github.com/users/nnethercote/repos,https://api.github.com/users/nnethercote/events{/privacy},https://api.github.com/users/nnethercote/received_events,User,false,1.0
jaydenseric,1754873,MDQ6VXNlcjE3NTQ4NzM=,https://avatars.githubusercontent.com/u/1754873?v=4,,https://api.github.com/users/jaydenseric,https://github.com/jaydenseric,https://api.github.com/users/jaydenseric/followers,https://api.github.com/users/jaydenseric/following{/other_user},https://api.github.com/users/jaydenseric/gists{/gist_id},https://api.github.com/users/jaydenseric/starred{/owner}{/repo},https://api.github.com/users/jaydenseric/subscriptions,https://api.github.com/users/jaydenseric/orgs,https://api.github.com/users/jaydenseric/repos,https://api.github.com/users/jaydenseric/events{/privacy},https://api.github.com/users/jaydenseric/received_events,User,false,1.0
ryanseddon,143402,MDQ6VXNlcjE0MzQwMg==,https://avatars.githubusercontent.com/u/143402?v=4,,https://api.github.com/users/ryanseddon,https://github.com/ryanseddon,https://api.github.com/users/ryanseddon/followers,https://api.github.com/users/ryanseddon/following{/other_user},https://api.github.com/users/ryanseddon/gists{/gist_id},https://api.github.com/users/ryanseddon/starred{/owner}{/repo},https://api.github.com/users/ryanseddon/subscriptions,https://api.github.com/users/ryanseddon/orgs,https://api.github.com/users/ryanseddon/repos,https://api.github.com/users/ryanseddon/events{/privacy},https://api.github.com/users/ryanseddon/received_events,User,false,1.0
initstring,26131150,MDQ6VXNlcjI2MTMxMTUw,https://avatars.githubusercontent.com/u/26131150?v=4,,https://api.github.com/users/initstring,https://github.com/initstring,https://api.github.com/users/initstring/followers,https://api.github.com/users/initstring/following{/other_user},https://api.github.com/users/initstring/gists{/gist_id},https://api.github.com/users/initstring/starred{/owner}{/repo},https://api.github.com/users/initstring/subscriptions,https://api.github.com/users/initstring/orgs,https://api.github.com/users/initstring/repos,https://api.github.com/users/initstring/events{/privacy},https://api.github.com/users/initstring/received_events,User,false,1.0
Anon-Exploiter,18597330,MDQ6VXNlcjE4NTk3MzMw,https://avatars.githubusercontent.com/u/18597330?v=4,,https://api.github.com/users/Anon-Exploiter,https://github.com/Anon-Exploiter,https://api.github.com/users/Anon-Exploiter/followers,https://api.github.com/users/Anon-Exploiter/following{/other_user},https://api.github.com/users/Anon-Exploiter/gists{/gist_id},https://api.github.com/users/Anon-Exploiter/starred{/owner}{/repo},https://api.github.com/users/Anon-Exploiter/subscriptions,https://api.github.com/users/Anon-Exploiter/orgs,https://api.github.com/users/Anon-Exploiter/repos,https://api.github.com/users/Anon-Exploiter/events{/privacy},https://api.github.com/users/Anon-Exploiter/received_events,User,false,1.0
bardiharborow,1073681,MDQ6VXNlcjEwNzM2ODE=,https://avatars.githubusercontent.com/u/1073681?v=4,,https://api.github.com/users/bardiharborow,https://github.com/bardiharborow,https://api.github.com/users/bardiharborow/followers,https://api.github.com/users/bardiharborow/following{/other_user},https://api.github.com/users/bardiharborow/gists{/gist_id},https://api.github.com/users/bardiharborow/starred{/owner}{/repo},https://api.github.com/users/bardiharborow/subscriptions,https://api.github.com/users/bardiharborow/orgs,https://api.github.com/users/bardiharborow/repos,https://api.github.com/users/bardiharborow/events{/privacy},https://api.github.com/users/bardiharborow/received_events,User,false,1.0
xaviershay,1714,MDQ6VXNlcjE3MTQ=,https://avatars.githubusercontent.com/u/1714?v=4,,https://api.github.com/users/xaviershay,https://github.com/xaviershay,https://api.github.com/users/xaviershay/followers,https://api.github.com/users/xaviershay/following{/other_user},https://api.github.com/users/xaviershay/gists{/gist_id},https://api.github.com/users/xaviershay/starred{/owner}{/repo},https://api.github.com/users/xaviershay/subscriptions,https://api.github.com/users/xaviershay/orgs,https://api.github.com/users/xaviershay/repos,https://api.github.com/users/xaviershay/events{/privacy},https://api.github.com/users/xaviershay/received_events,User,false,1.0
elliotcondon,2296425,MDQ6VXNlcjIyOTY0MjU=,https://avatars.githubusercontent.com/u/2296425?v=4,,https://api.github.com/users/elliotcondon,https://github.com/elliotcondon,https://api.github.com/users/elliotcondon/followers,https://api.github.com/users/elliotcondon/following{/other_user},https://api.github.com/users/elliotcondon/gists{/gist_id},https://api.github.com/users/elliotcondon/starred{/owner}{/repo},https://api.github.com/users/elliotcondon/subscriptions,https://api.github.com/users/elliotcondon/orgs,https://api.github.com/users/elliotcondon/repos,https://api.github.com/users/elliotcondon/events{/privacy},https://api.github.com/users/elliotcondon/received_events,User,false,1.0
dicook,253191,MDQ6VXNlcjI1MzE5MQ==,https://avatars.githubusercontent.com/u/253191?v=4,,https://api.github.com/users/dicook,https://github.com/dicook,https://api.github.com/users/dicook/followers,https://api.github.com/users/dicook/following{/other_user},https://api.github.com/users/dicook/gists{/gist_id},https://api.github.com/users/dicook/starred{/owner}{/repo},https://api.github.com/users/dicook/subscriptions,https://api.github.com/users/dicook/orgs,https://api.github.com/users/dicook/repos,https://api.github.com/users/dicook/events{/privacy},https://api.github.com/users/dicook/received_events,User,false,1.0
Karolyna84,43585182,MDQ6VXNlcjQzNTg1MTgy,https://avatars.githubusercontent.com/u/43585182?v=4,,https://api.github.com/users/Karolyna84,https://github.com/Karolyna84,https://api.github.com/users/Karolyna84/followers,https://api.github.com/users/Karolyna84/following{/other_user},https://api.github.com/users/Karolyna84/gists{/gist_id},https://api.github.com/users/Karolyna84/starred{/owner}{/repo},https://api.github.com/users/Karolyna84/subscriptions,https://api.github.com/users/Karolyna84/orgs,https://api.github.com/users/Karolyna84/repos,https://api.github.com/users/Karolyna84/events{/privacy},https://api.github.com/users/Karolyna84/received_events,User,false,1.0
priseborough,3596952,MDQ6VXNlcjM1OTY5NTI=,https://avatars.githubusercontent.com/u/3596952?v=4,,https://api.github.com/users/priseborough,https://github.com/priseborough,https://api.github.com/users/priseborough/followers,https://api.github.com/users/priseborough/following{/other_user},https://api.github.com/users/priseborough/gists{/gist_id},https://api.github.com/users/priseborough/starred{/owner}{/repo},https://api.github.com/users/priseborough/subscriptions,https://api.github.com/users/priseborough/orgs,https://api.github.com/users/priseborough/repos,https://api.github.com/users/priseborough/events{/privacy},https://api.github.com/users/priseborough/received_events,User,false,1.0
wahyd4,836576,MDQ6VXNlcjgzNjU3Ng==,https://avatars.githubusercontent.com/u/836576?v=4,,https://api.github.com/users/wahyd4,https://github.com/wahyd4,https://api.github.com/users/wahyd4/followers,https://api.github.com/users/wahyd4/following{/other_user},https://api.github.com/users/wahyd4/gists{/gist_id},https://api.github.com/users/wahyd4/starred{/owner}{/repo},https://api.github.com/users/wahyd4/subscriptions,https://api.github.com/users/wahyd4/orgs,https://api.github.com/users/wahyd4/repos,https://api.github.com/users/wahyd4/events{/privacy},https://api.github.com/users/wahyd4/received_events,User,false,1.0
drewnoakes,350947,MDQ6VXNlcjM1MDk0Nw==,https://avatars.githubusercontent.com/u/350947?v=4,,https://api.github.com/users/drewnoakes,https://github.com/drewnoakes,https://api.github.com/users/drewnoakes/followers,https://api.github.com/users/drewnoakes/following{/other_user},https://api.github.com/users/drewnoakes/gists{/gist_id},https://api.github.com/users/drewnoakes/starred{/owner}{/repo},https://api.github.com/users/drewnoakes/subscriptions,https://api.github.com/users/drewnoakes/orgs,https://api.github.com/users/drewnoakes/repos,https://api.github.com/users/drewnoakes/events{/privacy},https://api.github.com/users/drewnoakes/received_events,User,false,1.0
wireghoul,92534,MDQ6VXNlcjkyNTM0,https://avatars.githubusercontent.com/u/92534?v=4,,https://api.github.com/users/wireghoul,https://github.com/wireghoul,https://api.github.com/users/wireghoul/followers,https://api.github.com/users/wireghoul/following{/other_user},https://api.github.com/users/wireghoul/gists{/gist_id},https://api.github.com/users/wireghoul/starred{/owner}{/repo},https://api.github.com/users/wireghoul/subscriptions,https://api.github.com/users/wireghoul/orgs,https://api.github.com/users/wireghoul/repos,https://api.github.com/users/wireghoul/events{/privacy},https://api.github.com/users/wireghoul/received_events,User,false,1.0
abolkog,3861725,MDQ6VXNlcjM4NjE3MjU=,https://avatars.githubusercontent.com/u/3861725?v=4,,https://api.github.com/users/abolkog,https://github.com/abolkog,https://api.github.com/users/abolkog/followers,https://api.github.com/users/abolkog/following{/other_user},https://api.github.com/users/abolkog/gists{/gist_id},https://api.github.com/users/abolkog/starred{/owner}{/repo},https://api.github.com/users/abolkog/subscriptions,https://api.github.com/users/abolkog/orgs,https://api.github.com/users/abolkog/repos,https://api.github.com/users/abolkog/events{/privacy},https://api.github.com/users/abolkog/received_events,User,false,1.0
pat,4183,MDQ6VXNlcjQxODM=,https://avatars.githubusercontent.com/u/4183?v=4,,https://api.github.com/users/pat,https://github.com/pat,https://api.github.com/users/pat/followers,https://api.github.com/users/pat/following{/other_user},https://api.github.com/users/pat/gists{/gist_id},https://api.github.com/users/pat/starred{/owner}{/repo},https://api.github.com/users/pat/subscriptions,https://api.github.com/users/pat/orgs,https://api.github.com/users/pat/repos,https://api.github.com/users/pat/events{/privacy},https://api.github.com/users/pat/received_events,User,false,1.0
fraserxu,1183541,MDQ6VXNlcjExODM1NDE=,https://avatars.githubusercontent.com/u/1183541?v=4,,https://api.github.com/users/fraserxu,https://github.com/fraserxu,https://api.github.com/users/fraserxu/followers,https://api.github.com/users/fraserxu/following{/other_user},https://api.github.com/users/fraserxu/gists{/gist_id},https://api.github.com/users/fraserxu/starred{/owner}{/repo},https://api.github.com/users/fraserxu/subscriptions,https://api.github.com/users/fraserxu/orgs,https://api.github.com/users/fraserxu/repos,https://api.github.com/users/fraserxu/events{/privacy},https://api.github.com/users/fraserxu/received_events,User,false,1.0
mokagio,1218433,MDQ6VXNlcjEyMTg0MzM=,https://avatars.githubusercontent.com/u/1218433?v=4,,https://api.github.com/users/mokagio,https://github.com/mokagio,https://api.github.com/users/mokagio/followers,https://api.github.com/users/mokagio/following{/other_user},https://api.github.com/users/mokagio/gists{/gist_id},https://api.github.com/users/mokagio/starred{/owner}{/repo},https://api.github.com/users/mokagio/subscriptions,https://api.github.com/users/mokagio/orgs,https://api.github.com/users/mokagio/repos,https://api.github.com/users/mokagio/events{/privacy},https://api.github.com/users/mokagio/received_events,User,false,1.0
trevorstephens,5210848,MDQ6VXNlcjUyMTA4NDg=,https://avatars.githubusercontent.com/u/5210848?v=4,,https://api.github.com/users/trevorstephens,https://github.com/trevorstephens,https://api.github.com/users/trevorstephens/followers,https://api.github.com/users/trevorstephens/following{/other_user},https://api.github.com/users/trevorstephens/gists{/gist_id},https://api.github.com/users/trevorstephens/starred{/owner}{/repo},https://api.github.com/users/trevorstephens/subscriptions,https://api.github.com/users/trevorstephens/orgs,https://api.github.com/users/trevorstephens/repos,https://api.github.com/users/trevorstephens/events{/privacy},https://api.github.com/users/trevorstephens/received_events,User,false,1.0
amanda08,4359281,MDQ6VXNlcjQzNTkyODE=,https://avatars.githubusercontent.com/u/4359281?v=4,,https://api.github.com/users/amanda08,https://github.com/amanda08,https://api.github.com/users/amanda08/followers,https://api.github.com/users/amanda08/following{/other_user},https://api.github.com/users/amanda08/gists{/gist_id},https://api.github.com/users/amanda08/starred{/owner}{/repo},https://api.github.com/users/amanda08/subscriptions,https://api.github.com/users/amanda08/orgs,https://api.github.com/users/amanda08/repos,https://api.github.com/users/amanda08/events{/privacy},https://api.github.com/users/amanda08/received_events,User,false,1.0
toolmantim,153,MDQ6VXNlcjE1Mw==,https://avatars.githubusercontent.com/u/153?v=4,,https://api.github.com/users/toolmantim,https://github.com/toolmantim,https://api.github.com/users/toolmantim/followers,https://api.github.com/users/toolmantim/following{/other_user},https://api.github.com/users/toolmantim/gists{/gist_id},https://api.github.com/users/toolmantim/starred{/owner}{/repo},https://api.github.com/users/toolmantim/subscriptions,https://api.github.com/users/toolmantim/orgs,https://api.github.com/users/toolmantim/repos,https://api.github.com/users/toolmantim/events{/privacy},https://api.github.com/users/toolmantim/received_events,User,false,1.0
daurnimator,127971,MDQ6VXNlcjEyNzk3MQ==,https://avatars.githubusercontent.com/u/127971?v=4,,https://api.github.com/users/daurnimator,https://github.com/daurnimator,https://api.github.com/users/daurnimator/followers,https://api.github.com/users/daurnimator/following{/other_user},https://api.github.com/users/daurnimator/gists{/gist_id},https://api.github.com/users/daurnimator/starred{/owner}{/repo},https://api.github.com/users/daurnimator/subscriptions,https://api.github.com/users/daurnimator/orgs,https://api.github.com/users/daurnimator/repos,https://api.github.com/users/daurnimator/events{/privacy},https://api.github.com/users/daurnimator/received_events,User,false,1.0
mitchmindtree,4587373,MDQ6VXNlcjQ1ODczNzM=,https://avatars.githubusercontent.com/u/4587373?v=4,,https://api.github.com/users/mitchmindtree,https://github.com/mitchmindtree,https://api.github.com/users/mitchmindtree/followers,https://api.github.com/users/mitchmindtree/following{/other_user},https://api.github.com/users/mitchmindtree/gists{/gist_id},https://api.github.com/users/mitchmindtree/starred{/owner}{/repo},https://api.github.com/users/mitchmindtree/subscriptions,https://api.github.com/users/mitchmindtree/orgs,https://api.github.com/users/mitchmindtree/repos,https://api.github.com/users/mitchmindtree/events{/privacy},https://api.github.com/users/mitchmindtree/received_events,User,false,1.0
hamishwillee,5368500,MDQ6VXNlcjUzNjg1MDA=,https://avatars.githubusercontent.com/u/5368500?v=4,,https://api.github.com/users/hamishwillee,https://github.com/hamishwillee,https://api.github.com/users/hamishwillee/followers,https://api.github.com/users/hamishwillee/following{/other_user},https://api.github.com/users/hamishwillee/gists{/gist_id},https://api.github.com/users/hamishwillee/starred{/owner}{/repo},https://api.github.com/users/hamishwillee/subscriptions,https://api.github.com/users/hamishwillee/orgs,https://api.github.com/users/hamishwillee/repos,https://api.github.com/users/hamishwillee/events{/privacy},https://api.github.com/users/hamishwillee/received_events,User,false,1.0
kolber,10325,MDQ6VXNlcjEwMzI1,https://avatars.githubusercontent.com/u/10325?v=4,,https://api.github.com/users/kolber,https://github.com/kolber,https://api.github.com/users/kolber/followers,https://api.github.com/users/kolber/following{/other_user},https://api.github.com/users/kolber/gists{/gist_id},https://api.github.com/users/kolber/starred{/owner}{/repo},https://api.github.com/users/kolber/subscriptions,https://api.github.com/users/kolber/orgs,https://api.github.com/users/kolber/repos,https://api.github.com/users/kolber/events{/privacy},https://api.github.com/users/kolber/received_events,User,false,1.0
hugomd,1646536,MDQ6VXNlcjE2NDY1MzY=,https://avatars.githubusercontent.com/u/1646536?v=4,,https://api.github.com/users/hugomd,https://github.com/hugomd,https://api.github.com/users/hugomd/followers,https://api.github.com/users/hugomd/following{/other_user},https://api.github.com/users/hugomd/gists{/gist_id},https://api.github.com/users/hugomd/starred{/owner}{/repo},https://api.github.com/users/hugomd/subscriptions,https://api.github.com/users/hugomd/orgs,https://api.github.com/users/hugomd/repos,https://api.github.com/users/hugomd/events{/privacy},https://api.github.com/users/hugomd/received_events,User,false,1.0
joho,4092,MDQ6VXNlcjQwOTI=,https://avatars.githubusercontent.com/u/4092?v=4,,https://api.github.com/users/joho,https://github.com/joho,https://api.github.com/users/joho/followers,https://api.github.com/users/joho/following{/other_user},https://api.github.com/users/joho/gists{/gist_id},https://api.github.com/users/joho/starred{/owner}{/repo},https://api.github.com/users/joho/subscriptions,https://api.github.com/users/joho/orgs,https://api.github.com/users/joho/repos,https://api.github.com/users/joho/events{/privacy},https://api.github.com/users/joho/received_events,User,false,1.0
UnexpectedMaker,3156212,MDQ6VXNlcjMxNTYyMTI=,https://avatars.githubusercontent.com/u/3156212?v=4,,https://api.github.com/users/UnexpectedMaker,https://github.com/UnexpectedMaker,https://api.github.com/users/UnexpectedMaker/followers,https://api.github.com/users/UnexpectedMaker/following{/other_user},https://api.github.com/users/UnexpectedMaker/gists{/gist_id},https://api.github.com/users/UnexpectedMaker/starred{/owner}{/repo},https://api.github.com/users/UnexpectedMaker/subscriptions,https://api.github.com/users/UnexpectedMaker/orgs,https://api.github.com/users/UnexpectedMaker/repos,https://api.github.com/users/UnexpectedMaker/events{/privacy},https://api.github.com/users/UnexpectedMaker/received_events,User,false,1.0
merill,1288081,MDQ6VXNlcjEyODgwODE=,https://avatars.githubusercontent.com/u/1288081?v=4,,https://api.github.com/users/merill,https://github.com/merill,https://api.github.com/users/merill/followers,https://api.github.com/users/merill/following{/other_user},https://api.github.com/users/merill/gists{/gist_id},https://api.github.com/users/merill/starred{/owner}{/repo},https://api.github.com/users/merill/subscriptions,https://api.github.com/users/merill/orgs,https://api.github.com/users/merill/repos,https://api.github.com/users/merill/events{/privacy},https://api.github.com/users/merill/received_events,User,false,1.0
jagregory,10828,MDQ6VXNlcjEwODI4,https://avatars.githubusercontent.com/u/10828?v=4,,https://api.github.com/users/jagregory,https://github.com/jagregory,https://api.github.com/users/jagregory/followers,https://api.github.com/users/jagregory/following{/other_user},https://api.github.com/users/jagregory/gists{/gist_id},https://api.github.com/users/jagregory/starred{/owner}{/repo},https://api.github.com/users/jagregory/subscriptions,https://api.github.com/users/jagregory/orgs,https://api.github.com/users/jagregory/repos,https://api.github.com/users/jagregory/events{/privacy},https://api.github.com/users/jagregory/received_events,User,false,1.0
moroshko,259753,MDQ6VXNlcjI1OTc1Mw==,https://avatars.githubusercontent.com/u/259753?v=4,,https://api.github.com/users/moroshko,https://github.com/moroshko,https://api.github.com/users/moroshko/followers,https://api.github.com/users/moroshko/following{/other_user},https://api.github.com/users/moroshko/gists{/gist_id},https://api.github.com/users/moroshko/starred{/owner}{/repo},https://api.github.com/users/moroshko/subscriptions,https://api.github.com/users/moroshko/orgs,https://api.github.com/users/moroshko/repos,https://api.github.com/users/moroshko/events{/privacy},https://api.github.com/users/moroshko/received_events,User,false,1.0
davkean,1103906,MDQ6VXNlcjExMDM5MDY=,https://avatars.githubusercontent.com/u/1103906?v=4,,https://api.github.com/users/davkean,https://github.com/davkean,https://api.github.com/users/davkean/followers,https://api.github.com/users/davkean/following{/other_user},https://api.github.com/users/davkean/gists{/gist_id},https://api.github.com/users/davkean/starred{/owner}{/repo},https://api.github.com/users/davkean/subscriptions,https://api.github.com/users/davkean/orgs,https://api.github.com/users/davkean/repos,https://api.github.com/users/davkean/events{/privacy},https://api.github.com/users/davkean/received_events,User,false,1.0
jni,492549,MDQ6VXNlcjQ5MjU0OQ==,https://avatars.githubusercontent.com/u/492549?v=4,,https://api.github.com/users/jni,https://github.com/jni,https://api.github.com/users/jni/followers,https://api.github.com/users/jni/following{/other_user},https://api.github.com/users/jni/gists{/gist_id},https://api.github.com/users/jni/starred{/owner}{/repo},https://api.github.com/users/jni/subscriptions,https://api.github.com/users/jni/orgs,https://api.github.com/users/jni/repos,https://api.github.com/users/jni/events{/privacy},https://api.github.com/users/jni/received_events,User,false,1.0
chendo,2661,MDQ6VXNlcjI2NjE=,https://avatars.githubusercontent.com/u/2661?v=4,,https://api.github.com/users/chendo,https://github.com/chendo,https://api.github.com/users/chendo/followers,https://api.github.com/users/chendo/following{/other_user},https://api.github.com/users/chendo/gists{/gist_id},https://api.github.com/users/chendo/starred{/owner}{/repo},https://api.github.com/users/chendo/subscriptions,https://api.github.com/users/chendo/orgs,https://api.github.com/users/chendo/repos,https://api.github.com/users/chendo/events{/privacy},https://api.github.com/users/chendo/received_events,User,false,1.0
justinsteven,1893909,MDQ6VXNlcjE4OTM5MDk=,https://avatars.githubusercontent.com/u/1893909?v=4,,https://api.github.com/users/justinsteven,https://github.com/justinsteven,https://api.github.com/users/justinsteven/followers,https://api.github.com/users/justinsteven/following{/other_user},https://api.github.com/users/justinsteven/gists{/gist_id},https://api.github.com/users/justinsteven/starred{/owner}{/repo},https://api.github.com/users/justinsteven/subscriptions,https://api.github.com/users/justinsteven/orgs,https://api.github.com/users/justinsteven/repos,https://api.github.com/users/justinsteven/events{/privacy},https://api.github.com/users/justinsteven/received_events,User,false,1.0
Benjamin-Dobell,482276,MDQ6VXNlcjQ4MjI3Ng==,https://avatars.githubusercontent.com/u/482276?v=4,,https://api.github.com/users/Benjamin-Dobell,https://github.com/Benjamin-Dobell,https://api.github.com/users/Benjamin-Dobell/followers,https://api.github.com/users/Benjamin-Dobell/following{/other_user},https://api.github.com/users/Benjamin-Dobell/gists{/gist_id},https://api.github.com/users/Benjamin-Dobell/starred{/owner}{/repo},https://api.github.com/users/Benjamin-Dobell/subscriptions,https://api.github.com/users/Benjamin-Dobell/orgs,https://api.github.com/users/Benjamin-Dobell/repos,https://api.github.com/users/Benjamin-Dobell/events{/privacy},https://api.github.com/users/Benjamin-Dobell/received_events,User,false,1.0
nickgammon,185088,MDQ6VXNlcjE4NTA4OA==,https://avatars.githubusercontent.com/u/185088?v=4,,https://api.github.com/users/nickgammon,https://github.com/nickgammon,https://api.github.com/users/nickgammon/followers,https://api.github.com/users/nickgammon/following{/other_user},https://api.github.com/users/nickgammon/gists{/gist_id},https://api.github.com/users/nickgammon/starred{/owner}{/repo},https://api.github.com/users/nickgammon/subscriptions,https://api.github.com/users/nickgammon/orgs,https://api.github.com/users/nickgammon/repos,https://api.github.com/users/nickgammon/events{/privacy},https://api.github.com/users/nickgammon/received_events,User,false,1.0
evgenyneu,880411,MDQ6VXNlcjg4MDQxMQ==,https://avatars.githubusercontent.com/u/880411?v=4,,https://api.github.com/users/evgenyneu,https://github.com/evgenyneu,https://api.github.com/users/evgenyneu/followers,https://api.github.com/users/evgenyneu/following{/other_user},https://api.github.com/users/evgenyneu/gists{/gist_id},https://api.github.com/users/evgenyneu/starred{/owner}{/repo},https://api.github.com/users/evgenyneu/subscriptions,https://api.github.com/users/evgenyneu/orgs,https://api.github.com/users/evgenyneu/repos,https://api.github.com/users/evgenyneu/events{/privacy},https://api.github.com/users/evgenyneu/received_events,User,false,1.0
azz,1297597,MDQ6VXNlcjEyOTc1OTc=,https://avatars.githubusercontent.com/u/1297597?v=4,,https://api.github.com/users/azz,https://github.com/azz,https://api.github.com/users/azz/followers,https://api.github.com/users/azz/following{/other_user},https://api.github.com/users/azz/gists{/gist_id},https://api.github.com/users/azz/starred{/owner}{/repo},https://api.github.com/users/azz/subscriptions,https://api.github.com/users/azz/orgs,https://api.github.com/users/azz/repos,https://api.github.com/users/azz/events{/privacy},https://api.github.com/users/azz/received_events,User,false,1.0
taitems,234593,MDQ6VXNlcjIzNDU5Mw==,https://avatars.githubusercontent.com/u/234593?v=4,,https://api.github.com/users/taitems,https://github.com/taitems,https://api.github.com/users/taitems/followers,https://api.github.com/users/taitems/following{/other_user},https://api.github.com/users/taitems/gists{/gist_id},https://api.github.com/users/taitems/starred{/owner}{/repo},https://api.github.com/users/taitems/subscriptions,https://api.github.com/users/taitems/orgs,https://api.github.com/users/taitems/repos,https://api.github.com/users/taitems/events{/privacy},https://api.github.com/users/taitems/received_events,User,false,1.0
waferbaby,1027,MDQ6VXNlcjEwMjc=,https://avatars.githubusercontent.com/u/1027?v=4,,https://api.github.com/users/waferbaby,https://github.com/waferbaby,https://api.github.com/users/waferbaby/followers,https://api.github.com/users/waferbaby/following{/other_user},https://api.github.com/users/waferbaby/gists{/gist_id},https://api.github.com/users/waferbaby/starred{/owner}{/repo},https://api.github.com/users/waferbaby/subscriptions,https://api.github.com/users/waferbaby/orgs,https://api.github.com/users/waferbaby/repos,https://api.github.com/users/waferbaby/events{/privacy},https://api.github.com/users/waferbaby/received_events,User,false,1.0
alexhude,13582677,MDQ6VXNlcjEzNTgyNjc3,https://avatars.githubusercontent.com/u/13582677?v=4,,https://api.github.com/users/alexhude,https://github.com/alexhude,https://api.github.com/users/alexhude/followers,https://api.github.com/users/alexhude/following{/other_user},https://api.github.com/users/alexhude/gists{/gist_id},https://api.github.com/users/alexhude/starred{/owner}{/repo},https://api.github.com/users/alexhude/subscriptions,https://api.github.com/users/alexhude/orgs,https://api.github.com/users/alexhude/repos,https://api.github.com/users/alexhude/events{/privacy},https://api.github.com/users/alexhude/received_events,User,false,1.0
Sutto,553,MDQ6VXNlcjU1Mw==,https://avatars.githubusercontent.com/u/553?v=4,,https://api.github.com/users/Sutto,https://github.com/Sutto,https://api.github.com/users/Sutto/followers,https://api.github.com/users/Sutto/following{/other_user},https://api.github.com/users/Sutto/gists{/gist_id},https://api.github.com/users/Sutto/starred{/owner}{/repo},https://api.github.com/users/Sutto/subscriptions,https://api.github.com/users/Sutto/orgs,https://api.github.com/users/Sutto/repos,https://api.github.com/users/Sutto/events{/privacy},https://api.github.com/users/Sutto/received_events,User,false,1.0
chrisleekr,5715919,MDQ6VXNlcjU3MTU5MTk=,https://avatars.githubusercontent.com/u/5715919?v=4,,https://api.github.com/users/chrisleekr,https://github.com/chrisleekr,https://api.github.com/users/chrisleekr/followers,https://api.github.com/users/chrisleekr/following{/other_user},https://api.github.com/users/chrisleekr/gists{/gist_id},https://api.github.com/users/chrisleekr/starred{/owner}{/repo},https://api.github.com/users/chrisleekr/subscriptions,https://api.github.com/users/chrisleekr/orgs,https://api.github.com/users/chrisleekr/repos,https://api.github.com/users/chrisleekr/events{/privacy},https://api.github.com/users/chrisleekr/received_events,User,false,1.0
aidansteele,369053,MDQ6VXNlcjM2OTA1Mw==,https://avatars.githubusercontent.com/u/369053?v=4,,https://api.github.com/users/aidansteele,https://github.com/aidansteele,https://api.github.com/users/aidansteele/followers,https://api.github.com/users/aidansteele/following{/other_user},https://api.github.com/users/aidansteele/gists{/gist_id},https://api.github.com/users/aidansteele/starred{/owner}{/repo},https://api.github.com/users/aidansteele/subscriptions,https://api.github.com/users/aidansteele/orgs,https://api.github.com/users/aidansteele/repos,https://api.github.com/users/aidansteele/events{/privacy},https://api.github.com/users/aidansteele/received_events,User,false,1.0
sj26,14028,MDQ6VXNlcjE0MDI4,https://avatars.githubusercontent.com/u/14028?v=4,,https://api.github.com/users/sj26,https://github.com/sj26,https://api.github.com/users/sj26/followers,https://api.github.com/users/sj26/following{/other_user},https://api.github.com/users/sj26/gists{/gist_id},https://api.github.com/users/sj26/starred{/owner}{/repo},https://api.github.com/users/sj26/subscriptions,https://api.github.com/users/sj26/orgs,https://api.github.com/users/sj26/repos,https://api.github.com/users/sj26/events{/privacy},https://api.github.com/users/sj26/received_events,User,false,1.0
justinfrench,5240,MDQ6VXNlcjUyNDA=,https://avatars.githubusercontent.com/u/5240?v=4,,https://api.github.com/users/justinfrench,https://github.com/justinfrench,https://api.github.com/users/justinfrench/followers,https://api.github.com/users/justinfrench/following{/other_user},https://api.github.com/users/justinfrench/gists{/gist_id},https://api.github.com/users/justinfrench/starred{/owner}{/repo},https://api.github.com/users/justinfrench/subscriptions,https://api.github.com/users/justinfrench/orgs,https://api.github.com/users/justinfrench/repos,https://api.github.com/users/justinfrench/events{/privacy},https://api.github.com/users/justinfrench/received_events,User,false,1.0
vektah,2247982,MDQ6VXNlcjIyNDc5ODI=,https://avatars.githubusercontent.com/u/2247982?v=4,,https://api.github.com/users/vektah,https://github.com/vektah,https://api.github.com/users/vektah/followers,https://api.github.com/users/vektah/following{/other_user},https://api.github.com/users/vektah/gists{/gist_id},https://api.github.com/users/vektah/starred{/owner}{/repo},https://api.github.com/users/vektah/subscriptions,https://api.github.com/users/vektah/orgs,https://api.github.com/users/vektah/repos,https://api.github.com/users/vektah/events{/privacy},https://api.github.com/users/vektah/received_events,User,false,1.0
aaronparker,8227455,MDQ6VXNlcjgyMjc0NTU=,https://avatars.githubusercontent.com/u/8227455?v=4,,https://api.github.com/users/aaronparker,https://github.com/aaronparker,https://api.github.com/users/aaronparker/followers,https://api.github.com/users/aaronparker/following{/other_user},https://api.github.com/users/aaronparker/gists{/gist_id},https://api.github.com/users/aaronparker/starred{/owner}{/repo},https://api.github.com/users/aaronparker/subscriptions,https://api.github.com/users/aaronparker/orgs,https://api.github.com/users/aaronparker/repos,https://api.github.com/users/aaronparker/events{/privacy},https://api.github.com/users/aaronparker/received_events,User,false,1.0
aershov24,13550565,MDQ6VXNlcjEzNTUwNTY1,https://avatars.githubusercontent.com/u/13550565?v=4,,https://api.github.com/users/aershov24,https://github.com/aershov24,https://api.github.com/users/aershov24/followers,https://api.github.com/users/aershov24/following{/other_user},https://api.github.com/users/aershov24/gists{/gist_id},https://api.github.com/users/aershov24/starred{/owner}{/repo},https://api.github.com/users/aershov24/subscriptions,https://api.github.com/users/aershov24/orgs,https://api.github.com/users/aershov24/repos,https://api.github.com/users/aershov24/events{/privacy},https://api.github.com/users/aershov24/received_events,User,false,1.0
wolfeidau,50636,MDQ6VXNlcjUwNjM2,https://avatars.githubusercontent.com/u/50636?v=4,,https://api.github.com/users/wolfeidau,https://github.com/wolfeidau,https://api.github.com/users/wolfeidau/followers,https://api.github.com/users/wolfeidau/following{/other_user},https://api.github.com/users/wolfeidau/gists{/gist_id},https://api.github.com/users/wolfeidau/starred{/owner}{/repo},https://api.github.com/users/wolfeidau/subscriptions,https://api.github.com/users/wolfeidau/orgs,https://api.github.com/users/wolfeidau/repos,https://api.github.com/users/wolfeidau/events{/privacy},https://api.github.com/users/wolfeidau/received_events,User,false,1.0
eugeneware,38154,MDQ6VXNlcjM4MTU0,https://avatars.githubusercontent.com/u/38154?v=4,,https://api.github.com/users/eugeneware,https://github.com/eugeneware,https://api.github.com/users/eugeneware/followers,https://api.github.com/users/eugeneware/following{/other_user},https://api.github.com/users/eugeneware/gists{/gist_id},https://api.github.com/users/eugeneware/starred{/owner}{/repo},https://api.github.com/users/eugeneware/subscriptions,https://api.github.com/users/eugeneware/orgs,https://api.github.com/users/eugeneware/repos,https://api.github.com/users/eugeneware/events{/privacy},https://api.github.com/users/eugeneware/received_events,User,false,1.0
deoxxa,479055,MDQ6VXNlcjQ3OTA1NQ==,https://avatars.githubusercontent.com/u/479055?v=4,,https://api.github.com/users/deoxxa,https://github.com/deoxxa,https://api.github.com/users/deoxxa/followers,https://api.github.com/users/deoxxa/following{/other_user},https://api.github.com/users/deoxxa/gists{/gist_id},https://api.github.com/users/deoxxa/starred{/owner}{/repo},https://api.github.com/users/deoxxa/subscriptions,https://api.github.com/users/deoxxa/orgs,https://api.github.com/users/deoxxa/repos,https://api.github.com/users/deoxxa/events{/privacy},https://api.github.com/users/deoxxa/received_events,User,false,1.0
Rosuav,640535,MDQ6VXNlcjY0MDUzNQ==,https://avatars.githubusercontent.com/u/640535?v=4,,https://api.github.com/users/Rosuav,https://github.com/Rosuav,https://api.github.com/users/Rosuav/followers,https://api.github.com/users/Rosuav/following{/other_user},https://api.github.com/users/Rosuav/gists{/gist_id},https://api.github.com/users/Rosuav/starred{/owner}{/repo},https://api.github.com/users/Rosuav/subscriptions,https://api.github.com/users/Rosuav/orgs,https://api.github.com/users/Rosuav/repos,https://api.github.com/users/Rosuav/events{/privacy},https://api.github.com/users/Rosuav/received_events,User,false,1.0
tabs-not-spaces,33951277,MDQ6VXNlcjMzOTUxMjc3,https://avatars.githubusercontent.com/u/33951277?v=4,,https://api.github.com/users/tabs-not-spaces,https://github.com/tabs-not-spaces,https://api.github.com/users/tabs-not-spaces/followers,https://api.github.com/users/tabs-not-spaces/following{/other_user},https://api.github.com/users/tabs-not-spaces/gists{/gist_id},https://api.github.com/users/tabs-not-spaces/starred{/owner}{/repo},https://api.github.com/users/tabs-not-spaces/subscriptions,https://api.github.com/users/tabs-not-spaces/orgs,https://api.github.com/users/tabs-not-spaces/repos,https://api.github.com/users/tabs-not-spaces/events{/privacy},https://api.github.com/users/tabs-not-spaces/received_events,User,false,1.0
ihadeed,13794420,MDQ6VXNlcjEzNzk0NDIw,https://avatars.githubusercontent.com/u/13794420?v=4,,https://api.github.com/users/ihadeed,https://github.com/ihadeed,https://api.github.com/users/ihadeed/followers,https://api.github.com/users/ihadeed/following{/other_user},https://api.github.com/users/ihadeed/gists{/gist_id},https://api.github.com/users/ihadeed/starred{/owner}{/repo},https://api.github.com/users/ihadeed/subscriptions,https://api.github.com/users/ihadeed/orgs,https://api.github.com/users/ihadeed/repos,https://api.github.com/users/ihadeed/events{/privacy},https://api.github.com/users/ihadeed/received_events,User,false,1.0
edhinrichsen,11088862,MDQ6VXNlcjExMDg4ODYy,https://avatars.githubusercontent.com/u/11088862?v=4,,https://api.github.com/users/edhinrichsen,https://github.com/edhinrichsen,https://api.github.com/users/edhinrichsen/followers,https://api.github.com/users/edhinrichsen/following{/other_user},https://api.github.com/users/edhinrichsen/gists{/gist_id},https://api.github.com/users/edhinrichsen/starred{/owner}{/repo},https://api.github.com/users/edhinrichsen/subscriptions,https://api.github.com/users/edhinrichsen/orgs,https://api.github.com/users/edhinrichsen/repos,https://api.github.com/users/edhinrichsen/events{/privacy},https://api.github.com/users/edhinrichsen/received_events,User,false,1.0
RManLuo,34737002,MDQ6VXNlcjM0NzM3MDAy,https://avatars.githubusercontent.com/u/34737002?v=4,,https://api.github.com/users/RManLuo,https://github.com/RManLuo,https://api.github.com/users/RManLuo/followers,https://api.github.com/users/RManLuo/following{/other_user},https://api.github.com/users/RManLuo/gists{/gist_id},https://api.github.com/users/RManLuo/starred{/owner}{/repo},https://api.github.com/users/RManLuo/subscriptions,https://api.github.com/users/RManLuo/orgs,https://api.github.com/users/RManLuo/repos,https://api.github.com/users/RManLuo/events{/privacy},https://api.github.com/users/RManLuo/received_events,User,false,1.0
AndiiCodes,116770908,U_kgDOBvXIXA,https://avatars.githubusercontent.com/u/116770908?v=4,,https://api.github.com/users/AndiiCodes,https://github.com/AndiiCodes,https://api.github.com/users/AndiiCodes/followers,https://api.github.com/users/AndiiCodes/following{/other_user},https://api.github.com/users/AndiiCodes/gists{/gist_id},https://api.github.com/users/AndiiCodes/starred{/owner}{/repo},https://api.github.com/users/AndiiCodes/subscriptions,https://api.github.com/users/AndiiCodes/orgs,https://api.github.com/users/AndiiCodes/repos,https://api.github.com/users/AndiiCodes/events{/privacy},https://api.github.com/users/AndiiCodes/received_events,User,false,1.0
rfk,34695,MDQ6VXNlcjM0Njk1,https://avatars.githubusercontent.com/u/34695?v=4,,https://api.github.com/users/rfk,https://github.com/rfk,https://api.github.com/users/rfk/followers,https://api.github.com/users/rfk/following{/other_user},https://api.github.com/users/rfk/gists{/gist_id},https://api.github.com/users/rfk/starred{/owner}{/repo},https://api.github.com/users/rfk/subscriptions,https://api.github.com/users/rfk/orgs,https://api.github.com/users/rfk/repos,https://api.github.com/users/rfk/events{/privacy},https://api.github.com/users/rfk/received_events,User,false,1.0
srikat,2188656,MDQ6VXNlcjIxODg2NTY=,https://avatars.githubusercontent.com/u/2188656?v=4,,https://api.github.com/users/srikat,https://github.com/srikat,https://api.github.com/users/srikat/followers,https://api.github.com/users/srikat/following{/other_user},https://api.github.com/users/srikat/gists{/gist_id},https://api.github.com/users/srikat/starred{/owner}{/repo},https://api.github.com/users/srikat/subscriptions,https://api.github.com/users/srikat/orgs,https://api.github.com/users/srikat/repos,https://api.github.com/users/srikat/events{/privacy},https://api.github.com/users/srikat/received_events,User,false,1.0
devgeeks,554999,MDQ6VXNlcjU1NDk5OQ==,https://avatars.githubusercontent.com/u/554999?v=4,,https://api.github.com/users/devgeeks,https://github.com/devgeeks,https://api.github.com/users/devgeeks/followers,https://api.github.com/users/devgeeks/following{/other_user},https://api.github.com/users/devgeeks/gists{/gist_id},https://api.github.com/users/devgeeks/starred{/owner}{/repo},https://api.github.com/users/devgeeks/subscriptions,https://api.github.com/users/devgeeks/orgs,https://api.github.com/users/devgeeks/repos,https://api.github.com/users/devgeeks/events{/privacy},https://api.github.com/users/devgeeks/received_events,User,false,1.0
joshwnj,36711,MDQ6VXNlcjM2NzEx,https://avatars.githubusercontent.com/u/36711?v=4,,https://api.github.com/users/joshwnj,https://github.com/joshwnj,https://api.github.com/users/joshwnj/followers,https://api.github.com/users/joshwnj/following{/other_user},https://api.github.com/users/joshwnj/gists{/gist_id},https://api.github.com/users/joshwnj/starred{/owner}{/repo},https://api.github.com/users/joshwnj/subscriptions,https://api.github.com/users/joshwnj/orgs,https://api.github.com/users/joshwnj/repos,https://api.github.com/users/joshwnj/events{/privacy},https://api.github.com/users/joshwnj/received_events,User,false,1.0
andyyhope,844960,MDQ6VXNlcjg0NDk2MA==,https://avatars.githubusercontent.com/u/844960?v=4,,https://api.github.com/users/andyyhope,https://github.com/andyyhope,https://api.github.com/users/andyyhope/followers,https://api.github.com/users/andyyhope/following{/other_user},https://api.github.com/users/andyyhope/gists{/gist_id},https://api.github.com/users/andyyhope/starred{/owner}{/repo},https://api.github.com/users/andyyhope/subscriptions,https://api.github.com/users/andyyhope/orgs,https://api.github.com/users/andyyhope/repos,https://api.github.com/users/andyyhope/events{/privacy},https://api.github.com/users/andyyhope/received_events,User,false,1.0
psifertex,140215,MDQ6VXNlcjE0MDIxNQ==,https://avatars.githubusercontent.com/u/140215?v=4,,https://api.github.com/users/psifertex,https://github.com/psifertex,https://api.github.com/users/psifertex/followers,https://api.github.com/users/psifertex/following{/other_user},https://api.github.com/users/psifertex/gists{/gist_id},https://api.github.com/users/psifertex/starred{/owner}{/repo},https://api.github.com/users/psifertex/subscriptions,https://api.github.com/users/psifertex/orgs,https://api.github.com/users/psifertex/repos,https://api.github.com/users/psifertex/events{/privacy},https://api.github.com/users/psifertex/received_events,User,false,1.0
KaelWD,16421948,MDQ6VXNlcjE2NDIxOTQ4,https://avatars.githubusercontent.com/u/16421948?v=4,,https://api.github.com/users/KaelWD,https://github.com/KaelWD,https://api.github.com/users/KaelWD/followers,https://api.github.com/users/KaelWD/following{/other_user},https://api.github.com/users/KaelWD/gists{/gist_id},https://api.github.com/users/KaelWD/starred{/owner}{/repo},https://api.github.com/users/KaelWD/subscriptions,https://api.github.com/users/KaelWD/orgs,https://api.github.com/users/KaelWD/repos,https://api.github.com/users/KaelWD/events{/privacy},https://api.github.com/users/KaelWD/received_events,User,false,1.0
alanjrogers,22635,MDQ6VXNlcjIyNjM1,https://avatars.githubusercontent.com/u/22635?v=4,,https://api.github.com/users/alanjrogers,https://github.com/alanjrogers,https://api.github.com/users/alanjrogers/followers,https://api.github.com/users/alanjrogers/following{/other_user},https://api.github.com/users/alanjrogers/gists{/gist_id},https://api.github.com/users/alanjrogers/starred{/owner}{/repo},https://api.github.com/users/alanjrogers/subscriptions,https://api.github.com/users/alanjrogers/orgs,https://api.github.com/users/alanjrogers/repos,https://api.github.com/users/alanjrogers/events{/privacy},https://api.github.com/users/alanjrogers/received_events,User,false,1.0
pact-foundation,14811176,MDEyOk9yZ2FuaXphdGlvbjE0ODExMTc2,https://avatars.githubusercontent.com/u/14811176?v=4,,https://api.github.com/users/pact-foundation,https://github.com/pact-foundation,https://api.github.com/users/pact-foundation/followers,https://api.github.com/users/pact-foundation/following{/other_user},https://api.github.com/users/pact-foundation/gists{/gist_id},https://api.github.com/users/pact-foundation/starred{/owner}{/repo},https://api.github.com/users/pact-foundation/subscriptions,https://api.github.com/users/pact-foundation/orgs,https://api.github.com/users/pact-foundation/repos,https://api.github.com/users/pact-foundation/events{/privacy},https://api.github.com/users/pact-foundation/received_events,Organization,false,1.0
pjf,12072,MDQ6VXNlcjEyMDcy,https://avatars.githubusercontent.com/u/12072?v=4,,https://api.github.com/users/pjf,https://github.com/pjf,https://api.github.com/users/pjf/followers,https://api.github.com/users/pjf/following{/other_user},https://api.github.com/users/pjf/gists{/gist_id},https://api.github.com/users/pjf/starred{/owner}{/repo},https://api.github.com/users/pjf/subscriptions,https://api.github.com/users/pjf/orgs,https://api.github.com/users/pjf/repos,https://api.github.com/users/pjf/events{/privacy},https://api.github.com/users/pjf/received_events,User,false,1.0
brainstorm,175587,MDQ6VXNlcjE3NTU4Nw==,https://avatars.githubusercontent.com/u/175587?v=4,,https://api.github.com/users/brainstorm,https://github.com/brainstorm,https://api.github.com/users/brainstorm/followers,https://api.github.com/users/brainstorm/following{/other_user},https://api.github.com/users/brainstorm/gists{/gist_id},https://api.github.com/users/brainstorm/starred{/owner}{/repo},https://api.github.com/users/brainstorm/subscriptions,https://api.github.com/users/brainstorm/orgs,https://api.github.com/users/brainstorm/repos,https://api.github.com/users/brainstorm/events{/privacy},https://api.github.com/users/brainstorm/received_events,User,false,1.0
dekz,27389,MDQ6VXNlcjI3Mzg5,https://avatars.githubusercontent.com/u/27389?v=4,,https://api.github.com/users/dekz,https://github.com/dekz,https://api.github.com/users/dekz/followers,https://api.github.com/users/dekz/following{/other_user},https://api.github.com/users/dekz/gists{/gist_id},https://api.github.com/users/dekz/starred{/owner}{/repo},https://api.github.com/users/dekz/subscriptions,https://api.github.com/users/dekz/orgs,https://api.github.com/users/dekz/repos,https://api.github.com/users/dekz/events{/privacy},https://api.github.com/users/dekz/received_events,User,false,1.0
mohammadKarimi,5300102,MDQ6VXNlcjUzMDAxMDI=,https://avatars.githubusercontent.com/u/5300102?v=4,,https://api.github.com/users/mohammadKarimi,https://github.com/mohammadKarimi,https://api.github.com/users/mohammadKarimi/followers,https://api.github.com/users/mohammadKarimi/following{/other_user},https://api.github.com/users/mohammadKarimi/gists{/gist_id},https://api.github.com/users/mohammadKarimi/starred{/owner}{/repo},https://api.github.com/users/mohammadKarimi/subscriptions,https://api.github.com/users/mohammadKarimi/orgs,https://api.github.com/users/mohammadKarimi/repos,https://api.github.com/users/mohammadKarimi/events{/privacy},https://api.github.com/users/mohammadKarimi/received_events,User,false,1.0
abcminiuser,141648,MDQ6VXNlcjE0MTY0OA==,https://avatars.githubusercontent.com/u/141648?v=4,,https://api.github.com/users/abcminiuser,https://github.com/abcminiuser,https://api.github.com/users/abcminiuser/followers,https://api.github.com/users/abcminiuser/following{/other_user},https://api.github.com/users/abcminiuser/gists{/gist_id},https://api.github.com/users/abcminiuser/starred{/owner}{/repo},https://api.github.com/users/abcminiuser/subscriptions,https://api.github.com/users/abcminiuser/orgs,https://api.github.com/users/abcminiuser/repos,https://api.github.com/users/abcminiuser/events{/privacy},https://api.github.com/users/abcminiuser/received_events,User,false,1.0
lox,15758,MDQ6VXNlcjE1NzU4,https://avatars.githubusercontent.com/u/15758?v=4,,https://api.github.com/users/lox,https://github.com/lox,https://api.github.com/users/lox/followers,https://api.github.com/users/lox/following{/other_user},https://api.github.com/users/lox/gists{/gist_id},https://api.github.com/users/lox/starred{/owner}{/repo},https://api.github.com/users/lox/subscriptions,https://api.github.com/users/lox/orgs,https://api.github.com/users/lox/repos,https://api.github.com/users/lox/events{/privacy},https://api.github.com/users/lox/received_events,User,false,1.0
sbarski,4902,MDQ6VXNlcjQ5MDI=,https://avatars.githubusercontent.com/u/4902?v=4,,https://api.github.com/users/sbarski,https://github.com/sbarski,https://api.github.com/users/sbarski/followers,https://api.github.com/users/sbarski/following{/other_user},https://api.github.com/users/sbarski/gists{/gist_id},https://api.github.com/users/sbarski/starred{/owner}{/repo},https://api.github.com/users/sbarski/subscriptions,https://api.github.com/users/sbarski/orgs,https://api.github.com/users/sbarski/repos,https://api.github.com/users/sbarski/events{/privacy},https://api.github.com/users/sbarski/received_events,User,false,1.0
timusus,4422616,MDQ6VXNlcjQ0MjI2MTY=,https://avatars.githubusercontent.com/u/4422616?v=4,,https://api.github.com/users/timusus,https://github.com/timusus,https://api.github.com/users/timusus/followers,https://api.github.com/users/timusus/following{/other_user},https://api.github.com/users/timusus/gists{/gist_id},https://api.github.com/users/timusus/starred{/owner}{/repo},https://api.github.com/users/timusus/subscriptions,https://api.github.com/users/timusus/orgs,https://api.github.com/users/timusus/repos,https://api.github.com/users/timusus/events{/privacy},https://api.github.com/users/timusus/received_events,User,false,1.0
jonoxer,87360,MDQ6VXNlcjg3MzYw,https://avatars.githubusercontent.com/u/87360?v=4,,https://api.github.com/users/jonoxer,https://github.com/jonoxer,https://api.github.com/users/jonoxer/followers,https://api.github.com/users/jonoxer/following{/other_user},https://api.github.com/users/jonoxer/gists{/gist_id},https://api.github.com/users/jonoxer/starred{/owner}{/repo},https://api.github.com/users/jonoxer/subscriptions,https://api.github.com/users/jonoxer/orgs,https://api.github.com/users/jonoxer/repos,https://api.github.com/users/jonoxer/events{/privacy},https://api.github.com/users/jonoxer/received_events,User,false,1.0
ntwb,1016458,MDQ6VXNlcjEwMTY0NTg=,https://avatars.githubusercontent.com/u/1016458?v=4,,https://api.github.com/users/ntwb,https://github.com/ntwb,https://api.github.com/users/ntwb/followers,https://api.github.com/users/ntwb/following{/other_user},https://api.github.com/users/ntwb/gists{/gist_id},https://api.github.com/users/ntwb/starred{/owner}{/repo},https://api.github.com/users/ntwb/subscriptions,https://api.github.com/users/ntwb/orgs,https://api.github.com/users/ntwb/repos,https://api.github.com/users/ntwb/events{/privacy},https://api.github.com/users/ntwb/received_events,User,false,1.0
Alhadis,2346707,MDQ6VXNlcjIzNDY3MDc=,https://avatars.githubusercontent.com/u/2346707?v=4,,https://api.github.com/users/Alhadis,https://github.com/Alhadis,https://api.github.com/users/Alhadis/followers,https://api.github.com/users/Alhadis/following{/other_user},https://api.github.com/users/Alhadis/gists{/gist_id},https://api.github.com/users/Alhadis/starred{/owner}{/repo},https://api.github.com/users/Alhadis/subscriptions,https://api.github.com/users/Alhadis/orgs,https://api.github.com/users/Alhadis/repos,https://api.github.com/users/Alhadis/events{/privacy},https://api.github.com/users/Alhadis/received_events,User,false,1.0
pento,352291,MDQ6VXNlcjM1MjI5MQ==,https://avatars.githubusercontent.com/u/352291?v=4,,https://api.github.com/users/pento,https://github.com/pento,https://api.github.com/users/pento/followers,https://api.github.com/users/pento/following{/other_user},https://api.github.com/users/pento/gists{/gist_id},https://api.github.com/users/pento/starred{/owner}{/repo},https://api.github.com/users/pento/subscriptions,https://api.github.com/users/pento/orgs,https://api.github.com/users/pento/repos,https://api.github.com/users/pento/events{/privacy},https://api.github.com/users/pento/received_events,User,false,1.0
benhoskings,901,MDQ6VXNlcjkwMQ==,https://avatars.githubusercontent.com/u/901?v=4,,https://api.github.com/users/benhoskings,https://github.com/benhoskings,https://api.github.com/users/benhoskings/followers,https://api.github.com/users/benhoskings/following{/other_user},https://api.github.com/users/benhoskings/gists{/gist_id},https://api.github.com/users/benhoskings/starred{/owner}{/repo},https://api.github.com/users/benhoskings/subscriptions,https://api.github.com/users/benhoskings/orgs,https://api.github.com/users/benhoskings/repos,https://api.github.com/users/benhoskings/events{/privacy},https://api.github.com/users/benhoskings/received_events,User,false,1.0
MelbourneDeveloper,16697547,MDQ6VXNlcjE2Njk3NTQ3,https://avatars.githubusercontent.com/u/16697547?v=4,,https://api.github.com/users/MelbourneDeveloper,https://github.com/MelbourneDeveloper,https://api.github.com/users/MelbourneDeveloper/followers,https://api.github.com/users/MelbourneDeveloper/following{/other_user},https://api.github.com/users/MelbourneDeveloper/gists{/gist_id},https://api.github.com/users/MelbourneDeveloper/starred{/owner}{/repo},https://api.github.com/users/MelbourneDeveloper/subscriptions,https://api.github.com/users/MelbourneDeveloper/orgs,https://api.github.com/users/MelbourneDeveloper/repos,https://api.github.com/users/MelbourneDeveloper/events{/privacy},https://api.github.com/users/MelbourneDeveloper/received_events,User,false,1.0
japgolly,202935,MDQ6VXNlcjIwMjkzNQ==,https://avatars.githubusercontent.com/u/202935?v=4,,https://api.github.com/users/japgolly,https://github.com/japgolly,https://api.github.com/users/japgolly/followers,https://api.github.com/users/japgolly/following{/other_user},https://api.github.com/users/japgolly/gists{/gist_id},https://api.github.com/users/japgolly/starred{/owner}{/repo},https://api.github.com/users/japgolly/subscriptions,https://api.github.com/users/japgolly/orgs,https://api.github.com/users/japgolly/repos,https://api.github.com/users/japgolly/events{/privacy},https://api.github.com/users/japgolly/received_events,User,false,1.0
hawkowl,3307100,MDQ6VXNlcjMzMDcxMDA=,https://avatars.githubusercontent.com/u/3307100?v=4,,https://api.github.com/users/hawkowl,https://github.com/hawkowl,https://api.github.com/users/hawkowl/followers,https://api.github.com/users/hawkowl/following{/other_user},https://api.github.com/users/hawkowl/gists{/gist_id},https://api.github.com/users/hawkowl/starred{/owner}{/repo},https://api.github.com/users/hawkowl/subscriptions,https://api.github.com/users/hawkowl/orgs,https://api.github.com/users/hawkowl/repos,https://api.github.com/users/hawkowl/events{/privacy},https://api.github.com/users/hawkowl/received_events,User,false,1.0
a1studmuffin,6295625,MDQ6VXNlcjYyOTU2MjU=,https://avatars.githubusercontent.com/u/6295625?v=4,,https://api.github.com/users/a1studmuffin,https://github.com/a1studmuffin,https://api.github.com/users/a1studmuffin/followers,https://api.github.com/users/a1studmuffin/following{/other_user},https://api.github.com/users/a1studmuffin/gists{/gist_id},https://api.github.com/users/a1studmuffin/starred{/owner}{/repo},https://api.github.com/users/a1studmuffin/subscriptions,https://api.github.com/users/a1studmuffin/orgs,https://api.github.com/users/a1studmuffin/repos,https://api.github.com/users/a1studmuffin/events{/privacy},https://api.github.com/users/a1studmuffin/received_events,User,false,1.0
camjackson,1930451,MDQ6VXNlcjE5MzA0NTE=,https://avatars.githubusercontent.com/u/1930451?v=4,,https://api.github.com/users/camjackson,https://github.com/camjackson,https://api.github.com/users/camjackson/followers,https://api.github.com/users/camjackson/following{/other_user},https://api.github.com/users/camjackson/gists{/gist_id},https://api.github.com/users/camjackson/starred{/owner}{/repo},https://api.github.com/users/camjackson/subscriptions,https://api.github.com/users/camjackson/orgs,https://api.github.com/users/camjackson/repos,https://api.github.com/users/camjackson/events{/privacy},https://api.github.com/users/camjackson/received_events,User,false,1.0
alexbrainman,9796621,MDQ6VXNlcjk3OTY2MjE=,https://avatars.githubusercontent.com/u/9796621?v=4,,https://api.github.com/users/alexbrainman,https://github.com/alexbrainman,https://api.github.com/users/alexbrainman/followers,https://api.github.com/users/alexbrainman/following{/other_user},https://api.github.com/users/alexbrainman/gists{/gist_id},https://api.github.com/users/alexbrainman/starred{/owner}{/repo},https://api.github.com/users/alexbrainman/subscriptions,https://api.github.com/users/alexbrainman/orgs,https://api.github.com/users/alexbrainman/repos,https://api.github.com/users/alexbrainman/events{/privacy},https://api.github.com/users/alexbrainman/received_events,User,false,1.0
LucasGarcez,12939735,MDQ6VXNlcjEyOTM5NzM1,https://avatars.githubusercontent.com/u/12939735?v=4,,https://api.github.com/users/LucasGarcez,https://github.com/LucasGarcez,https://api.github.com/users/LucasGarcez/followers,https://api.github.com/users/LucasGarcez/following{/other_user},https://api.github.com/users/LucasGarcez/gists{/gist_id},https://api.github.com/users/LucasGarcez/starred{/owner}{/repo},https://api.github.com/users/LucasGarcez/subscriptions,https://api.github.com/users/LucasGarcez/orgs,https://api.github.com/users/LucasGarcez/repos,https://api.github.com/users/LucasGarcez/events{/privacy},https://api.github.com/users/LucasGarcez/received_events,User,false,1.0
snyff,45491,MDQ6VXNlcjQ1NDkx,https://avatars.githubusercontent.com/u/45491?v=4,,https://api.github.com/users/snyff,https://github.com/snyff,https://api.github.com/users/snyff/followers,https://api.github.com/users/snyff/following{/other_user},https://api.github.com/users/snyff/gists{/gist_id},https://api.github.com/users/snyff/starred{/owner}{/repo},https://api.github.com/users/snyff/subscriptions,https://api.github.com/users/snyff/orgs,https://api.github.com/users/snyff/repos,https://api.github.com/users/snyff/events{/privacy},https://api.github.com/users/snyff/received_events,User,false,1.0
eliocamp,8617595,MDQ6VXNlcjg2MTc1OTU=,https://avatars.githubusercontent.com/u/8617595?v=4,,https://api.github.com/users/eliocamp,https://github.com/eliocamp,https://api.github.com/users/eliocamp/followers,https://api.github.com/users/eliocamp/following{/other_user},https://api.github.com/users/eliocamp/gists{/gist_id},https://api.github.com/users/eliocamp/starred{/owner}{/repo},https://api.github.com/users/eliocamp/subscriptions,https://api.github.com/users/eliocamp/orgs,https://api.github.com/users/eliocamp/repos,https://api.github.com/users/eliocamp/events{/privacy},https://api.github.com/users/eliocamp/received_events,User,false,1.0
ninxsoft,4812595,MDQ6VXNlcjQ4MTI1OTU=,https://avatars.githubusercontent.com/u/4812595?v=4,,https://api.github.com/users/ninxsoft,https://github.com/ninxsoft,https://api.github.com/users/ninxsoft/followers,https://api.github.com/users/ninxsoft/following{/other_user},https://api.github.com/users/ninxsoft/gists{/gist_id},https://api.github.com/users/ninxsoft/starred{/owner}{/repo},https://api.github.com/users/ninxsoft/subscriptions,https://api.github.com/users/ninxsoft/orgs,https://api.github.com/users/ninxsoft/repos,https://api.github.com/users/ninxsoft/events{/privacy},https://api.github.com/users/ninxsoft/received_events,User,false,1.0
AlexDBlack,2360237,MDQ6VXNlcjIzNjAyMzc=,https://avatars.githubusercontent.com/u/2360237?v=4,,https://api.github.com/users/AlexDBlack,https://github.com/AlexDBlack,https://api.github.com/users/AlexDBlack/followers,https://api.github.com/users/AlexDBlack/following{/other_user},https://api.github.com/users/AlexDBlack/gists{/gist_id},https://api.github.com/users/AlexDBlack/starred{/owner}{/repo},https://api.github.com/users/AlexDBlack/subscriptions,https://api.github.com/users/AlexDBlack/orgs,https://api.github.com/users/AlexDBlack/repos,https://api.github.com/users/AlexDBlack/events{/privacy},https://api.github.com/users/AlexDBlack/received_events,User,false,1.0
nelix,33324,MDQ6VXNlcjMzMzI0,https://avatars.githubusercontent.com/u/33324?v=4,,https://api.github.com/users/nelix,https://github.com/nelix,https://api.github.com/users/nelix/followers,https://api.github.com/users/nelix/following{/other_user},https://api.github.com/users/nelix/gists{/gist_id},https://api.github.com/users/nelix/starred{/owner}{/repo},https://api.github.com/users/nelix/subscriptions,https://api.github.com/users/nelix/orgs,https://api.github.com/users/nelix/repos,https://api.github.com/users/nelix/events{/privacy},https://api.github.com/users/nelix/received_events,User,false,1.0
marcusvolz,12025275,MDQ6VXNlcjEyMDI1Mjc1,https://avatars.githubusercontent.com/u/12025275?v=4,,https://api.github.com/users/marcusvolz,https://github.com/marcusvolz,https://api.github.com/users/marcusvolz/followers,https://api.github.com/users/marcusvolz/following{/other_user},https://api.github.com/users/marcusvolz/gists{/gist_id},https://api.github.com/users/marcusvolz/starred{/owner}{/repo},https://api.github.com/users/marcusvolz/subscriptions,https://api.github.com/users/marcusvolz/orgs,https://api.github.com/users/marcusvolz/repos,https://api.github.com/users/marcusvolz/events{/privacy},https://api.github.com/users/marcusvolz/received_events,User,false,1.0
JoshuaBatty,1289413,MDQ6VXNlcjEyODk0MTM=,https://avatars.githubusercontent.com/u/1289413?v=4,,https://api.github.com/users/JoshuaBatty,https://github.com/JoshuaBatty,https://api.github.com/users/JoshuaBatty/followers,https://api.github.com/users/JoshuaBatty/following{/other_user},https://api.github.com/users/JoshuaBatty/gists{/gist_id},https://api.github.com/users/JoshuaBatty/starred{/owner}{/repo},https://api.github.com/users/JoshuaBatty/subscriptions,https://api.github.com/users/JoshuaBatty/orgs,https://api.github.com/users/JoshuaBatty/repos,https://api.github.com/users/JoshuaBatty/events{/privacy},https://api.github.com/users/JoshuaBatty/received_events,User,false,1.0
BeauNouvelle,13442331,MDQ6VXNlcjEzNDQyMzMx,https://avatars.githubusercontent.com/u/13442331?v=4,,https://api.github.com/users/BeauNouvelle,https://github.com/BeauNouvelle,https://api.github.com/users/BeauNouvelle/followers,https://api.github.com/users/BeauNouvelle/following{/other_user},https://api.github.com/users/BeauNouvelle/gists{/gist_id},https://api.github.com/users/BeauNouvelle/starred{/owner}{/repo},https://api.github.com/users/BeauNouvelle/subscriptions,https://api.github.com/users/BeauNouvelle/orgs,https://api.github.com/users/BeauNouvelle/repos,https://api.github.com/users/BeauNouvelle/events{/privacy},https://api.github.com/users/BeauNouvelle/received_events,User,false,1.0
skorks,109413,MDQ6VXNlcjEwOTQxMw==,https://avatars.githubusercontent.com/u/109413?v=4,,https://api.github.com/users/skorks,https://github.com/skorks,https://api.github.com/users/skorks/followers,https://api.github.com/users/skorks/following{/other_user},https://api.github.com/users/skorks/gists{/gist_id},https://api.github.com/users/skorks/starred{/owner}{/repo},https://api.github.com/users/skorks/subscriptions,https://api.github.com/users/skorks/orgs,https://api.github.com/users/skorks/repos,https://api.github.com/users/skorks/events{/privacy},https://api.github.com/users/skorks/received_events,User,false,1.0
RoyalIcing,2635733,MDQ6VXNlcjI2MzU3MzM=,https://avatars.githubusercontent.com/u/2635733?v=4,,https://api.github.com/users/RoyalIcing,https://github.com/RoyalIcing,https://api.github.com/users/RoyalIcing/followers,https://api.github.com/users/RoyalIcing/following{/other_user},https://api.github.com/users/RoyalIcing/gists{/gist_id},https://api.github.com/users/RoyalIcing/starred{/owner}{/repo},https://api.github.com/users/RoyalIcing/subscriptions,https://api.github.com/users/RoyalIcing/orgs,https://api.github.com/users/RoyalIcing/repos,https://api.github.com/users/RoyalIcing/events{/privacy},https://api.github.com/users/RoyalIcing/received_events,User,false,1.0
ComponentFactory,13988848,MDQ6VXNlcjEzOTg4ODQ4,https://avatars.githubusercontent.com/u/13988848?v=4,,https://api.github.com/users/ComponentFactory,https://github.com/ComponentFactory,https://api.github.com/users/ComponentFactory/followers,https://api.github.com/users/ComponentFactory/following{/other_user},https://api.github.com/users/ComponentFactory/gists{/gist_id},https://api.github.com/users/ComponentFactory/starred{/owner}{/repo},https://api.github.com/users/ComponentFactory/subscriptions,https://api.github.com/users/ComponentFactory/orgs,https://api.github.com/users/ComponentFactory/repos,https://api.github.com/users/ComponentFactory/events{/privacy},https://api.github.com/users/ComponentFactory/received_events,User,false,1.0
bentrengrove,19445,MDQ6VXNlcjE5NDQ1,https://avatars.githubusercontent.com/u/19445?v=4,,https://api.github.com/users/bentrengrove,https://github.com/bentrengrove,https://api.github.com/users/bentrengrove/followers,https://api.github.com/users/bentrengrove/following{/other_user},https://api.github.com/users/bentrengrove/gists{/gist_id},https://api.github.com/users/bentrengrove/starred{/owner}{/repo},https://api.github.com/users/bentrengrove/subscriptions,https://api.github.com/users/bentrengrove/orgs,https://api.github.com/users/bentrengrove/repos,https://api.github.com/users/bentrengrove/events{/privacy},https://api.github.com/users/bentrengrove/received_events,User,false,1.0
karkranikhil,11937732,MDQ6VXNlcjExOTM3NzMy,https://avatars.githubusercontent.com/u/11937732?v=4,,https://api.github.com/users/karkranikhil,https://github.com/karkranikhil,https://api.github.com/users/karkranikhil/followers,https://api.github.com/users/karkranikhil/following{/other_user},https://api.github.com/users/karkranikhil/gists{/gist_id},https://api.github.com/users/karkranikhil/starred{/owner}{/repo},https://api.github.com/users/karkranikhil/subscriptions,https://api.github.com/users/karkranikhil/orgs,https://api.github.com/users/karkranikhil/repos,https://api.github.com/users/karkranikhil/events{/privacy},https://api.github.com/users/karkranikhil/received_events,User,false,1.0
SebastianElvis,9570153,MDQ6VXNlcjk1NzAxNTM=,https://avatars.githubusercontent.com/u/9570153?v=4,,https://api.github.com/users/SebastianElvis,https://github.com/SebastianElvis,https://api.github.com/users/SebastianElvis/followers,https://api.github.com/users/SebastianElvis/following{/other_user},https://api.github.com/users/SebastianElvis/gists{/gist_id},https://api.github.com/users/SebastianElvis/starred{/owner}{/repo},https://api.github.com/users/SebastianElvis/subscriptions,https://api.github.com/users/SebastianElvis/orgs,https://api.github.com/users/SebastianElvis/repos,https://api.github.com/users/SebastianElvis/events{/privacy},https://api.github.com/users/SebastianElvis/received_events,User,false,1.0
notahat,3866,MDQ6VXNlcjM4NjY=,https://avatars.githubusercontent.com/u/3866?v=4,,https://api.github.com/users/notahat,https://github.com/notahat,https://api.github.com/users/notahat/followers,https://api.github.com/users/notahat/following{/other_user},https://api.github.com/users/notahat/gists{/gist_id},https://api.github.com/users/notahat/starred{/owner}{/repo},https://api.github.com/users/notahat/subscriptions,https://api.github.com/users/notahat/orgs,https://api.github.com/users/notahat/repos,https://api.github.com/users/notahat/events{/privacy},https://api.github.com/users/notahat/received_events,User,false,1.0
sampage,596289,MDQ6VXNlcjU5NjI4OQ==,https://avatars.githubusercontent.com/u/596289?v=4,,https://api.github.com/users/sampage,https://github.com/sampage,https://api.github.com/users/sampage/followers,https://api.github.com/users/sampage/following{/other_user},https://api.github.com/users/sampage/gists{/gist_id},https://api.github.com/users/sampage/starred{/owner}{/repo},https://api.github.com/users/sampage/subscriptions,https://api.github.com/users/sampage/orgs,https://api.github.com/users/sampage/repos,https://api.github.com/users/sampage/events{/privacy},https://api.github.com/users/sampage/received_events,User,false,1.0
sporto,1005498,MDQ6VXNlcjEwMDU0OTg=,https://avatars.githubusercontent.com/u/1005498?v=4,,https://api.github.com/users/sporto,https://github.com/sporto,https://api.github.com/users/sporto/followers,https://api.github.com/users/sporto/following{/other_user},https://api.github.com/users/sporto/gists{/gist_id},https://api.github.com/users/sporto/starred{/owner}{/repo},https://api.github.com/users/sporto/subscriptions,https://api.github.com/users/sporto/orgs,https://api.github.com/users/sporto/repos,https://api.github.com/users/sporto/events{/privacy},https://api.github.com/users/sporto/received_events,User,false,1.0
abcoathup,28278242,MDQ6VXNlcjI4Mjc4MjQy,https://avatars.githubusercontent.com/u/28278242?v=4,,https://api.github.com/users/abcoathup,https://github.com/abcoathup,https://api.github.com/users/abcoathup/followers,https://api.github.com/users/abcoathup/following{/other_user},https://api.github.com/users/abcoathup/gists{/gist_id},https://api.github.com/users/abcoathup/starred{/owner}{/repo},https://api.github.com/users/abcoathup/subscriptions,https://api.github.com/users/abcoathup/orgs,https://api.github.com/users/abcoathup/repos,https://api.github.com/users/abcoathup/events{/privacy},https://api.github.com/users/abcoathup/received_events,User,false,1.0
navidcy,7112768,MDQ6VXNlcjcxMTI3Njg=,https://avatars.githubusercontent.com/u/7112768?v=4,,https://api.github.com/users/navidcy,https://github.com/navidcy,https://api.github.com/users/navidcy/followers,https://api.github.com/users/navidcy/following{/other_user},https://api.github.com/users/navidcy/gists{/gist_id},https://api.github.com/users/navidcy/starred{/owner}{/repo},https://api.github.com/users/navidcy/subscriptions,https://api.github.com/users/navidcy/orgs,https://api.github.com/users/navidcy/repos,https://api.github.com/users/navidcy/events{/privacy},https://api.github.com/users/navidcy/received_events,User,false,1.0
lachlanhardy,3682,MDQ6VXNlcjM2ODI=,https://avatars.githubusercontent.com/u/3682?v=4,,https://api.github.com/users/lachlanhardy,https://github.com/lachlanhardy,https://api.github.com/users/lachlanhardy/followers,https://api.github.com/users/lachlanhardy/following{/other_user},https://api.github.com/users/lachlanhardy/gists{/gist_id},https://api.github.com/users/lachlanhardy/starred{/owner}{/repo},https://api.github.com/users/lachlanhardy/subscriptions,https://api.github.com/users/lachlanhardy/orgs,https://api.github.com/users/lachlanhardy/repos,https://api.github.com/users/lachlanhardy/events{/privacy},https://api.github.com/users/lachlanhardy/received_events,User,false,1.0
mefellows,53900,MDQ6VXNlcjUzOTAw,https://avatars.githubusercontent.com/u/53900?v=4,,https://api.github.com/users/mefellows,https://github.com/mefellows,https://api.github.com/users/mefellows/followers,https://api.github.com/users/mefellows/following{/other_user},https://api.github.com/users/mefellows/gists{/gist_id},https://api.github.com/users/mefellows/starred{/owner}{/repo},https://api.github.com/users/mefellows/subscriptions,https://api.github.com/users/mefellows/orgs,https://api.github.com/users/mefellows/repos,https://api.github.com/users/mefellows/events{/privacy},https://api.github.com/users/mefellows/received_events,User,false,1.0
djmdjm,170281,MDQ6VXNlcjE3MDI4MQ==,https://avatars.githubusercontent.com/u/170281?v=4,,https://api.github.com/users/djmdjm,https://github.com/djmdjm,https://api.github.com/users/djmdjm/followers,https://api.github.com/users/djmdjm/following{/other_user},https://api.github.com/users/djmdjm/gists{/gist_id},https://api.github.com/users/djmdjm/starred{/owner}{/repo},https://api.github.com/users/djmdjm/subscriptions,https://api.github.com/users/djmdjm/orgs,https://api.github.com/users/djmdjm/repos,https://api.github.com/users/djmdjm/events{/privacy},https://api.github.com/users/djmdjm/received_events,User,false,1.0
yob,8132,MDQ6VXNlcjgxMzI=,https://avatars.githubusercontent.com/u/8132?v=4,,https://api.github.com/users/yob,https://github.com/yob,https://api.github.com/users/yob/followers,https://api.github.com/users/yob/following{/other_user},https://api.github.com/users/yob/gists{/gist_id},https://api.github.com/users/yob/starred{/owner}{/repo},https://api.github.com/users/yob/subscriptions,https://api.github.com/users/yob/orgs,https://api.github.com/users/yob/repos,https://api.github.com/users/yob/events{/privacy},https://api.github.com/users/yob/received_events,User,false,1.0
dhotson,21532,MDQ6VXNlcjIxNTMy,https://avatars.githubusercontent.com/u/21532?v=4,,https://api.github.com/users/dhotson,https://github.com/dhotson,https://api.github.com/users/dhotson/followers,https://api.github.com/users/dhotson/following{/other_user},https://api.github.com/users/dhotson/gists{/gist_id},https://api.github.com/users/dhotson/starred{/owner}{/repo},https://api.github.com/users/dhotson/subscriptions,https://api.github.com/users/dhotson/orgs,https://api.github.com/users/dhotson/repos,https://api.github.com/users/dhotson/events{/privacy},https://api.github.com/users/dhotson/received_events,User,false,1.0
grahamegrieve,5858581,MDQ6VXNlcjU4NTg1ODE=,https://avatars.githubusercontent.com/u/5858581?v=4,,https://api.github.com/users/grahamegrieve,https://github.com/grahamegrieve,https://api.github.com/users/grahamegrieve/followers,https://api.github.com/users/grahamegrieve/following{/other_user},https://api.github.com/users/grahamegrieve/gists{/gist_id},https://api.github.com/users/grahamegrieve/starred{/owner}{/repo},https://api.github.com/users/grahamegrieve/subscriptions,https://api.github.com/users/grahamegrieve/orgs,https://api.github.com/users/grahamegrieve/repos,https://api.github.com/users/grahamegrieve/events{/privacy},https://api.github.com/users/grahamegrieve/received_events,User,false,1.0
